시설종류,대상시설명,소재지도로명주소,소재지지번주소,위도,경도,관리기관명,관할경찰서명,CCTV설치여부,CCTV설치대수,보호구역도로폭,데이터기준일자
초등학교,삼양초등학교,제주특별자치도 제주시 지석14길 7,제주특별자치도 제주시 삼양이동 2181-28,33.52085913,126.5858906,제주특별자치도 자치경찰단 교통정보센터,제주동부경찰서,N,3,8~35,2022-12-01
유치원,삼양초등학교 병설유치원,제주특별자치도 제주시 지석14길 7,제주특별자치도 제주시 삼양이동 2181-28,33.52085913,126.5858906,제주특별자치도 자치경찰단 교통정보센터,제주동부경찰서,N,2,7~22,2022-12-01
초등학교,인화초등학교,제주특별자치도 제주시 신산로15길 35,제주특별자치도 제주시 일도이동 352,33.50699122,126.537769,제주특별자치도 자치경찰단 교통정보센터,제주동부경찰서,Y,3,12~20,2022-12-01
유치원,인화초등학교 병설유치원,제주특별자치도 제주시 신산로15길 35,제주특별자치도 제주시 일도이동 352,33.50699122,126.537769,제주특별자치도 자치경찰단 교통정보센터,제주동부경찰서,Y,1,3~25,2022-12-01
초등학교,도리초등학교,제주특별자치도 제주시 도리로 129,제주특별자치도 제주시 도두일동 2430-1,33.50185617,126.4654959,제주특별자치도 자치경찰단 교통정보센터,제주서부경찰서,Y,0,5~10,2022-12-01
유치원,도리초등학교 병설유치원,제주특별자치도 제주시 도리로 129,제주특별자치도 제주시 도두일동 2430-1,33.50185617,126.4654959,제주특별자치도 자치경찰단 교통정보센터,제주서부경찰서,Y,0,5~10,2022-12-01
초등학교,제주북초등학교,제주특별자치도 제주시 중앙로8길 18,제주특별자치도 제주시 삼도이동 17-3,33.51499283,126.5213837,제주특별자치도 자치경찰단 교통정보센터,제주동부경찰서,Y,1,3~5,2022-12-01
유치원,제주북초등학교 병설유치원,제주특별자치도 제주시 중앙로8길 18,제주특별자치도 제주시 삼도이동 17-3,33.51499283,126.5213837,제주특별자치도 자치경찰단 교통정보센터,제주동부경찰서,Y,0,12,2022-12-01
초등학교,노형초등학교,제주특별자치도 제주시 노형로 383,제주특별자치도 제주시 노형동 2610-1,33.48488083,126.4765606,제주특별자치도 자치경찰단 교통정보센터,제주서부경찰서,Y,3,6~25,2022-12-01
유치원,노형초등학교 병설유치원,제주특별자치도 제주시 노형로 383,제주특별자치도 제주시 노형동 2610-1,33.48488083,126.4765606,제주특별자치도 자치경찰단 교통정보센터,제주서부경찰서,Y,2,7~9,2022-12-01
초등학교,신제주초등학교,제주특별자치도 제주시 비월길 29,제주특별자치도 제주시 연동 316,33.4829666,126.4978125,제주특별자치도 자치경찰단 교통정보센터,제주서부경찰서,Y,3,9~14,2022-12-01
유치원,광양초등학교,제주특별자치도 제주시 돈내길 5,제주특별자치도 제주시 이도일동 1257-1,33.50254097,126.5301971,제주특별자치도 자치경찰단 교통정보센터,제주동부경찰서,Y,1,9~10,2022-12-01
초등학교,광양초등학교 병설유치원,제주특별자치도 제주시 돈내길 5,제주특별자치도 제주시 이도일동 1257-1,33.50254097,126.5301971,제주특별자치도 자치경찰단 교통정보센터,제주동부경찰서,Y,1,9~13,2022-12-01
유치원,남광초등학교,제주특별자치도 제주시 남광로 28,제주특별자치도 제주시 이도이동 1973-2,33.4931476,126.5395307,제주특별자치도 자치경찰단 교통정보센터,제주동부경찰서,Y,2,35,2022-12-01
초등학교,외도초등학교,제주특별자치도 제주시 일주서로 7368,제주특별자치도 제주시 외도이동 235-1,33.49246577,126.4346988,제주특별자치도 자치경찰단 교통정보센터,제주서부경찰서,Y,2,10~14,2022-12-01
유치원,외도초등학교 병설유치원,제주특별자치도 제주시 일주서로 7368,제주특별자치도 제주시 외도이동 235-1,33.49246577,126.4346988,제주특별자치도 자치경찰단 교통정보센터,제주서부경찰서,Y,3,6~10,2022-12-01
초등학교,동광초등학교,제주특별자치도 제주시 태성로 6,제주특별자치도 제주시 일도이동 75,33.50173412,126.5471421,제주특별자치도 자치경찰단 교통정보센터,제주동부경찰서,Y,1,9~14,2022-12-01
유치원,동광초등학교 병설유치원,제주특별자치도 제주시 태성로 6,제주특별자치도 제주시 일도이동 75,33.50173412,126.5471421,제주특별자치도 자치경찰단 교통정보센터,제주동부경찰서,Y,2,7~20,2022-12-01
초등학교,제주동초등학교,제주특별자치도 제주시 동문로 65,제주특별자치도 제주시 건입동 1105,33.51395922,126.5341722,제주특별자치도 자치경찰단 교통정보센터,제주동부경찰서,Y,4,8~20,2022-12-01
유치원,제주동초등학교 병설유치원,제주특별자치도 제주시 동문로 65,제주특별자치도 제주시 건입동 1105,33.51395922,126.5341722,제주특별자치도 자치경찰단 교통정보센터,제주동부경찰서,Y,0,8~20,2022-12-01
초등학교,신광초등학교,제주특별자치도 제주시 성신로 25,제주특별자치도 제주시 연동 1996-5,33.49206857,126.4836685,제주특별자치도 자치경찰단 교통정보센터,제주서부경찰서,Y,1,11~24,2022-12-01
유치원,신광초등학교 병설유치원,제주특별자치도 제주시 성신로 25,제주특별자치도 제주시 연동 1996-5,33.49206857,126.4836685,제주특별자치도 자치경찰단 교통정보센터,제주서부경찰서,Y,1,11~24,2022-12-01
초등학교,구엄초등학교,제주특별자치도 제주시 애월읍 일주서로 6768,제주특별자치도 제주시 애월읍 구엄리 1065,33.47355827,126.3752767,제주특별자치도 자치경찰단 교통정보센터,제주서부경찰서,Y,1,9~17,2022-12-01
유치원,구엄초등학교 병설유치원,제주특별자치도 제주시 애월읍 일주서로 6768,제주특별자치도 제주시 애월읍 구엄리 1065,33.47355827,126.3752767,제주특별자치도 자치경찰단 교통정보센터,제주서부경찰서,Y,2,10~13,2022-12-01
초등학교,화북초등학교,제주특별자치도 제주시 일주동로 157,제주특별자치도 제주시 화북일동 3994,33.51862452,126.5613927,제주특별자치도 자치경찰단 교통정보센터,제주동부경찰서,N,1,5~14,2022-12-01
유치원,화북초등학교 병설유치원,제주특별자치도 제주시 일주동로 157,제주특별자치도 제주시 화북일동 3994,33.51862452,126.5613927,제주특별자치도 자치경찰단 교통정보센터,제주동부경찰서,N,2,5~25,2022-12-01
초등학교,제주서초등학교,제주특별자치도 제주시 성화로6길 51,제주특별자치도 제주시 용담이동 603-3,33.51148514,126.5096832,제주특별자치도 자치경찰단 교통정보센터,제주서부경찰서,N,1,5~32,2022-12-01
유치원,제주서초등학교 병설유치원,제주특별자치도 제주시 성화로6길 51,제주특별자치도 제주시 용담이동 603-3,33.51148514,126.5096832,제주특별자치도 자치경찰단 교통정보센터,제주서부경찰서,N,2,13,2022-12-01
초등학교,일도초등학교,제주특별자치도 제주시 삼성로9길 27,제주특별자치도 제주시 일도이동 1038-1,33.50907824,126.5294157,제주특별자치도 자치경찰단 교통정보센터,제주동부경찰서,Y,1,13,2022-12-01
유치원,일도초등학교 병설유치원,제주특별자치도 제주시 삼성로9길 27,제주특별자치도 제주시 일도이동 1038-1,33.50907824,126.5294157,제주특별자치도 자치경찰단 교통정보센터,제주동부경찰서,Y,4,20~24,2022-12-01
초등학교,제주남초등학교,제주특별자치도 제주시 남성로 149,제주특별자치도 제주시 삼도이동 811-1,33.50996313,126.5211755,제주특별자치도 자치경찰단 교통정보센터,제주동부경찰서,N,1,11~14,2022-12-01
유치원,제주남초등학교 병설유치원,제주특별자치도 제주시 남성로 149,제주특별자치도 제주시 삼도이동 811-1,33.50996313,126.5211755,제주특별자치도 자치경찰단 교통정보센터,제주동부경찰서,N,2,12~16,2022-12-01
초등학교,한천초등학교,제주특별자치도 제주시 남성로11길 22,제주특별자치도 제주시 용담일동 254-1,33.50733353,126.5127972,제주특별자치도 자치경찰단 교통정보센터,제주서부경찰서,Y,2,6~24,2022-12-01
유치원,한천초등학교 병설유치원,제주특별자치도 제주시 남성로11길 22,제주특별자치도 제주시 용담일동 254-1,33.50733353,126.5127972,제주특별자치도 자치경찰단 교통정보센터,제주서부경찰서,Y,1,6~15,2022-12-01
초등학교,삼성초등학교,제주특별자치도 제주시 서광로29길 35,제주특별자치도 제주시 이도일동 1650-1,33.50346053,126.5248832,제주특별자치도 자치경찰단 교통정보센터,제주동부경찰서,Y,6,7~16,2022-12-01
유치원,삼성초등학교 병설유치원,제주특별자치도 제주시 서광로29길 35,제주특별자치도 제주시 이도일동 1650-1,33.50346053,126.5248832,제주특별자치도 자치경찰단 교통정보센터,제주동부경찰서,Y,2,8~15,2022-12-01
초등학교,제주중앙초등학교,제주특별자치도 제주시 서사로18길 40,제주특별자치도 제주시 삼도일동 503,33.50251195,126.5150136,제주특별자치도 자치경찰단 교통정보센터,제주동부경찰서,Y,1,5~13,2022-12-01
유치원,제주중앙초등학교 병설유치원,제주특별자치도 제주시 서사로18길 40,제주특별자치도 제주시 삼도일동 503,33.50251195,126.5150136,제주특별자치도 자치경찰단 교통정보센터,제주동부경찰서,Y,1,11~17,2022-12-01
초등학교,도남초등학교,제주특별자치도 제주시 도남로8길 22,제주특별자치도 제주시 도남동 845-1,33.4931687,126.5261625,제주특별자치도 자치경찰단 교통정보센터,제주동부경찰서,Y,1,6~35,2022-12-01
유치원,도남초등학교 병설유치원,제주특별자치도 제주시 도남로8길 22,제주특별자치도 제주시 도남동 845-1,33.4931687,126.5261625,제주특별자치도 자치경찰단 교통정보센터,제주동부경찰서,Y,2,8~21,2022-12-01
초등학교,종달초등학교,제주특별자치도 제주시 구좌읍 종달로7길 5,제주특별자치도 제주시 구좌읍 종달리 1918,33.49277175,126.8972232,제주특별자치도 자치경찰단 교통정보센터,제주동부경찰서,Y,3,5~12,2022-12-01
유치원,종달초등학교 병설유치원,제주특별자치도 제주시 구좌읍 종달로7길 5,제주특별자치도 제주시 구좌읍 종달리 1918,33.49277175,126.8972232,제주특별자치도 자치경찰단 교통정보센터,제주동부경찰서,Y,4,8~38,2022-12-01
초등학교,구좌중앙초등학교,제주특별자치도 제주시 구좌읍 월정7길 1,제주특별자치도 제주시 구좌읍 월정리 100,33.55208708,126.7981005,제주특별자치도 자치경찰단 교통정보센터,제주동부경찰서,Y,1,12~16,2022-12-01
유치원,구좌중앙초등학교 병설유치원,제주특별자치도 제주시 구좌읍 월정7길 1,제주특별자치도 제주시 구좌읍 월정리 100,33.55208708,126.7981005,제주특별자치도 자치경찰단 교통정보센터,제주동부경찰서,Y,3,11~30,2022-12-01
초등학교,김녕초등학교,제주특별자치도 제주시 구좌읍 김녕로 117,제주특별자치도 제주시 구좌읍 김녕리 1656,33.55488251,126.7499135,제주특별자치도 자치경찰단 교통정보센터,제주동부경찰서,Y,1,5~15,2022-12-01
유치원,김녕초등학교 병설유치원,제주특별자치도 제주시 구좌읍 김녕로 117,제주특별자치도 제주시 구좌읍 김녕리 1656,33.55488251,126.7499135,제주특별자치도 자치경찰단 교통정보센터,제주동부경찰서,Y,5,8~27,2022-12-01
초등학교,함덕초등학교,제주특별자치도 제주시 조천읍 일주동로 1231,제주특별자치도 제주시 조천읍 함덕리 287-2,33.53868435,126.6716504,제주특별자치도 자치경찰단 교통정보센터,제주동부경찰서,N,5,8~27,2022-12-01
유치원,함덕초등학교 병설유치원,제주특별자치도 제주시 조천읍 일주동로 1231,제주특별자치도 제주시 조천읍 함덕리 287-2,33.53868435,126.6716504,제주특별자치도 자치경찰단 교통정보센터,제주동부경찰서,N,5,8~27,2022-12-01
초등학교,하귀초등학교,제주특별자치도 제주시 애월읍 하귀로 44,제주특별자치도 제주시 애월읍 하귀2리 1908-2,33.47977265,126.4018893,제주특별자치도 자치경찰단 교통정보센터,제주서부경찰서,Y,2,7~12,2022-12-01
유치원,하귀초등학교 병설유치원,제주특별자치도 제주시 애월읍 하귀로 44,제주특별자치도 제주시 애월읍 하귀2리 1908-2,33.47977265,126.4018893,제주특별자치도 자치경찰단 교통정보센터,제주서부경찰서,Y,3,5~8,2022-12-01
초등학교,곽금초등학교,제주특별자치도 제주시 애월읍 일주서로 6000,제주특별자치도 제주시 애월읍 곽지리 2050,33.44712742,126.3071662,제주특별자치도 자치경찰단 교통정보센터,제주서부경찰서,Y,2,6~10,2022-12-01
초등학교,신창초등학교,제주특별자치도 제주시 한경면 두신로 72,제주특별자치도 제주시 한경면 신창리 422,33.34898229,126.1851933,제주특별자치도 자치경찰단 교통정보센터,제주서부경찰서,N,2,7~13,2022-12-01
유치원,신창초등학교 병설유치원,제주특별자치도 제주시 한경면 두신로 72,제주특별자치도 제주시 한경면 신창리 422,33.34898229,126.1851933,제주특별자치도 자치경찰단 교통정보센터,제주서부경찰서,N,2,7~13,2022-12-01
초등학교,아라초등학교,제주특별자치도 제주시 중앙로 518,제주특별자치도 제주시 아라일동 6101,33.47725479,126.5437398,제주특별자치도 자치경찰단 교통정보센터,제주동부경찰서,Y,3,5~9,2022-12-01
유치원,아라초등학교 병설유치원,제주특별자치도 제주시 중앙로 518,제주특별자치도 제주시 아라일동 6101,33.47725479,126.5437398,제주특별자치도 자치경찰단 교통정보센터,제주동부경찰서,Y,2,6~22,2022-12-01
초등학교,오라초등학교,제주특별자치도 제주시 연사길 48,제주특별자치도 제주시 오라이동 1380,33.48926553,126.5138529,제주특별자치도 자치경찰단 교통정보센터,제주서부경찰서,Y,5,6~8,2022-12-01
유치원,오라초등학교 병설유치원,제주특별자치도 제주시 연사길 48,제주특별자치도 제주시 오라이동 1380,33.48926553,126.5138529,제주특별자치도 자치경찰단 교통정보센터,제주서부경찰서,Y,5,7~16,2022-12-01
초등학교,영평초등학교,제주특별자치도 제주시 아봉로 225,제주특별자치도 제주시 영평동 1826,33.47871171,126.5674875,제주특별자치도 자치경찰단 교통정보센터,제주동부경찰서,Y,2,33,2022-12-01
유치원,영평초등학교 병설유치원,제주특별자치도 제주시 아봉로 225,제주특별자치도 제주시 영평동 1826,33.47871171,126.5674875,제주특별자치도 자치경찰단 교통정보센터,제주동부경찰서,Y,2,5~34,2022-12-01
초등학교,봉개초등학교,제주특별자치도 제주시 번영로 484,제주특별자치도 제주시 봉개동 1930-2,33.49003135,126.5938134,제주특별자치도 자치경찰단 교통정보센터,제주동부경찰서,Y,1,6~25,2022-12-01
유치원,봉개초등학교 병설유치원,제주특별자치도 제주시 번영로 484,제주특별자치도 제주시 봉개동 1930-2,33.49003135,126.5938134,제주특별자치도 자치경찰단 교통정보센터,제주동부경찰서,Y,3,5~14,2022-12-01
초등학교,세화초등학교,제주특별자치도 제주시 구좌읍 구좌로 65,제주특별자치도 제주시 구좌읍 세화리 1391-1,33.52273262,126.8589201,제주특별자치도 자치경찰단 교통정보센터,제주동부경찰서,Y,3,7~21,2022-12-01
유치원,세화초등학교 병설유치원,제주특별자치도 제주시 구좌읍 구좌로 65,제주특별자치도 제주시 구좌읍 세화리 1391-1,33.52273262,126.8589201,제주특별자치도 자치경찰단 교통정보센터,제주동부경찰서,Y,3,7~21,2022-12-01
초등학교,평대초등학교,제주특별자치도 제주시 구좌읍 일주동로 2979,제주특별자치도 제주시 구좌읍 평대리 650,33.5295992,126.840142,제주특별자치도 자치경찰단 교통정보센터,제주동부경찰서,Y,2,9~25,2022-12-01
유치원,평대초등학교 병설유치원,제주특별자치도 제주시 구좌읍 일주동로 2979,제주특별자치도 제주시 구좌읍 평대리 650,33.5295992,126.840142,제주특별자치도 자치경찰단 교통정보센터,제주동부경찰서,Y,4,7~20,2022-12-01
초등학교,신촌초등학교,제주특별자치도 제주시 조천읍 신북로 51,제주특별자치도 제주시 조천읍 신촌리 1828,33.53447338,126.6195153,제주특별자치도 자치경찰단 교통정보센터,제주동부경찰서,N,4,8~9,2022-12-01
유치원,신촌초등학교 병설유치원,제주특별자치도 제주시 조천읍 신북로 51,제주특별자치도 제주시 조천읍 신촌리 1828,33.53447338,126.6195153,제주특별자치도 자치경찰단 교통정보센터,제주동부경찰서,N,4,5~10,2022-12-01
초등학교,어도초등학교,제주특별자치도 제주시 애월읍 봉성로 76,제주특별자치도 제주시 애월읍 봉성리 3276,33.42019297,126.3131392,제주특별자치도 자치경찰단 교통정보센터,제주서부경찰서,Y,7,7~14,2022-12-01
유치원,어도초등학교 병설유치원,제주특별자치도 제주시 애월읍 봉성로 76,제주특별자치도 제주시 애월읍 봉성리 3276,33.42019297,126.3131392,제주특별자치도 자치경찰단 교통정보센터,제주서부경찰서,Y,3,4~23,2022-12-01
초등학교,애월초등학교,제주특별자치도 제주시 애월읍 애월로 139-10,제주특별자치도 제주시 애월읍 애월리 1736,33.46548949,126.3224061,제주특별자치도 자치경찰단 교통정보센터,제주서부경찰서,Y,4,7~11,2022-12-01
유치원,애월초등학교 병설유치원,제주특별자치도 제주시 애월읍 애월로 139-10,제주특별자치도 제주시 애월읍 애월리 1736,33.46548949,126.3224061,제주특별자치도 자치경찰단 교통정보센터,제주서부경찰서,Y,2,21~25,2022-12-01
초등학교,우도초등학교,제주특별자치도 제주시 우도면 우도로 156-11,제주특별자치도 제주시 우도면 연평리 1442,33.50514824,126.9554325,제주특별자치도 자치경찰단 교통정보센터,제주동부경찰서,Y,1,5~26,2022-12-01
유치원,우도초등학교 병설유치원,제주특별자치도 제주시 우도면 우도로 156-11,제주특별자치도 제주시 우도면 연평리 1442,33.50514824,126.9554325,제주특별자치도 자치경찰단 교통정보센터,제주동부경찰서,Y,3,5~15,2022-12-01
초등학교,한림초등학교,제주특별자치도 제주시 한림읍 한림로4길 16,제주특별자치도 제주시 한림읍 한림리 1383,33.4110704,126.2602319,제주특별자치도 자치경찰단 교통정보센터,제주서부경찰서,Y,1,6~16,2022-12-01
유치원,한림초등학교 병설유치원,제주특별자치도 제주시 한림읍 한림로4길 16,제주특별자치도 제주시 한림읍 한림리 1383,33.4110704,126.2602319,제주특별자치도 자치경찰단 교통정보센터,제주서부경찰서,Y,2,14~15,2022-12-01
초등학교,수원초등학교,제주특별자치도 제주시 한림읍 한림로 822,제주특별자치도 제주시 한림읍 대림리 1591,33.42609303,126.2700998,제주특별자치도 자치경찰단 교통정보센터,제주서부경찰서,Y,1,6~30,2022-12-01
유치원,수원초등학교 병설유치원,제주특별자치도 제주시 한림읍 한림로 822,제주특별자치도 제주시 한림읍 대림리 1591,33.42609303,126.2700998,제주특별자치도 자치경찰단 교통정보센터,제주서부경찰서,Y,1,13~15,2022-12-01
초등학교,귀덕초등학교,제주특별자치도 제주시 한림읍 귀덕14길 14-5,제주특별자치도 제주시 한림읍 귀덕리 1178-2,33.44183667,126.2931608,제주특별자치도 자치경찰단 교통정보센터,제주서부경찰서,Y,3,7~12,2022-12-01
유치원,귀덕초등학교 병설유치원,제주특별자치도 제주시 한림읍 귀덕14길 14-5,제주특별자치도 제주시 한림읍 귀덕리 1178-2,33.44183667,126.2931608,제주특별자치도 자치경찰단 교통정보센터,제주서부경찰서,Y,6,6~30,2022-12-01
초등학교,재릉초등학교,제주특별자치도 제주시 한림읍 한림로 288-18,제주특별자치도 제주시 한림읍 협재리 2872-1,33.38866901,126.2383722,제주특별자치도 자치경찰단 교통정보센터,제주서부경찰서,Y,2,10~28,2022-12-01
유치원,재릉초등학교 병설유치원,제주특별자치도 제주시 한림읍 한림로 288-18,제주특별자치도 제주시 한림읍 협재리 2872-1,33.38866901,126.2383722,제주특별자치도 자치경찰단 교통정보센터,제주서부경찰서,Y,1,7~10,2022-12-01
초등학교,저청초등학교,제주특별자치도 제주시 한경면 중산간서로 3591,제주특별자치도 제주시 한경면 저지리 1517,33.32627333,126.2512136,제주특별자치도 자치경찰단 교통정보센터,제주서부경찰서,Y,5,7~16,2022-12-01
유치원,저청초등학교 병설유치원,제주특별자치도 제주시 한경면 중산간서로 3591,제주특별자치도 제주시 한경면 저지리 1517,33.32627333,126.2512136,제주특별자치도 자치경찰단 교통정보센터,제주서부경찰서,Y,1,9~24,2022-12-01
초등학교,동화초등학교,제주특별자치도 제주시 동화로1길 44,제주특별자치도 제주시 화북일동 12-2,33.51852927,126.5757482,제주특별자치도 자치경찰단 교통정보센터,제주동부경찰서,Y,0,6,2022-12-01
유치원,동화초등학교 병설유치원,제주특별자치도 제주시 동화로1길 44,제주특별자치도 제주시 화북일동 12-2,33.51852927,126.5757482,제주특별자치도 자치경찰단 교통정보센터,제주동부경찰서,Y,0,6~7,2022-12-01
초등학교,대흘초등학교,제주특별자치도 제주시 조천읍 중산간동로 677,제주특별자치도 제주시 조천읍 대흘리 1672-1,33.49959967,126.6577719,제주특별자치도 자치경찰단 교통정보센터,제주동부경찰서,Y,0,8,2022-12-01
유치원,대흘초등학교 병설유치원,제주특별자치도 제주시 조천읍 중산간동로 677,제주특별자치도 제주시 조천읍 대흘리 1672-1,33.49959967,126.6577719,제주특별자치도 자치경찰단 교통정보센터,제주동부경찰서,Y,1,8~10,2022-12-01
초등학교,북촌초등학교,제주특별자치도 제주시 조천읍 일주동로 1481,제주특별자치도 제주시 조천읍 북촌리 1212,33.54793526,126.6913627,제주특별자치도 자치경찰단 교통정보센터,제주동부경찰서,Y,1,5~8,2022-12-01
유치원,북촌초등학교 병설유치원,제주특별자치도 제주시 조천읍 일주동로 1481,제주특별자치도 제주시 조천읍 북촌리 1212,33.54793526,126.6913627,제주특별자치도 자치경찰단 교통정보센터,제주동부경찰서,Y,1,7~10,2022-12-01
초등학교,송당초등학교,제주특별자치도 제주시 구좌읍 중산간동로 2218-3,제주특별자치도 제주시 구좌읍 송당리 2774-1,33.47090122,126.7811144,제주특별자치도 자치경찰단 교통정보센터,제주동부경찰서,Y,0,7.5,2022-12-01
유치원,송당초등학교 병설유치원,제주특별자치도 제주시 구좌읍 중산간동로 2218-3,제주특별자치도 제주시 구좌읍 송당리 2774-1,33.47090122,126.7811144,제주특별자치도 자치경찰단 교통정보센터,제주동부경찰서,Y,0,9~10,2022-12-01
초등학교,하도초등학교,제주특별자치도 제주시 구좌읍 일주동로 3378,제주특별자치도 제주시 구좌읍 하도리 2315,33.51747997,126.877557,제주특별자치도 자치경찰단 교통정보센터,제주동부경찰서,Y,0,5~6,2022-12-01
유치원,하도초등학교 병설유치원,제주특별자치도 제주시 구좌읍 일주동로 3378,제주특별자치도 제주시 구좌읍 하도리 2315,33.51747997,126.877557,제주특별자치도 자치경찰단 교통정보센터,제주동부경찰서,Y,0,8~10,2022-12-01
초등학교,한동초등학교,제주특별자치도 제주시 구좌읍 일주동로 2831,제주특별자치도 제주시 구좌읍 한동리 1168,33.53912963,126.8290084,제주특별자치도 자치경찰단 교통정보센터,제주동부경찰서,Y,3,9~21,2022-12-01
유치원,한동초등학교 병설유치원,제주특별자치도 제주시 구좌읍 일주동로 2831,제주특별자치도 제주시 구좌읍 한동리 1168,33.53912963,126.8290084,제주특별자치도 자치경찰단 교통정보센터,제주동부경찰서,Y,1,22,2022-12-01
초등학교,조천초등학교,제주특별자치도 제주시 조천읍 신북로 195,제주특별자치도 제주시 조천읍 조천리 3140,33.53565426,126.6343499,제주특별자치도 자치경찰단 교통정보센터,제주동부경찰서,Y,2,26,2022-12-01
유치원,조천초등학교 병설유치원,제주특별자치도 제주시 조천읍 신북로 195,제주특별자치도 제주시 조천읍 조천리 3140,33.53565426,126.6343499,제주특별자치도 자치경찰단 교통정보센터,제주동부경찰서,Y,2,10~16,2022-12-01
초등학교,광령초등학교,제주특별자치도 제주시 애월읍 광성로 276,제주특별자치도 제주시 애월읍 광령리 1223,33.45925786,126.4362287,제주특별자치도 자치경찰단 교통정보센터,제주서부경찰서,N,3,9~16,2022-12-01
유치원,광령초등학교 병설유치원,제주특별자치도 제주시 애월읍 광성로 276,제주특별자치도 제주시 애월읍 광령리 1223,33.45925786,126.4362287,제주특별자치도 자치경찰단 교통정보센터,제주서부경찰서,N,1,12~34,2022-12-01
초등학교,장전초등학교,제주특별자치도 제주시 애월읍 장전로 122,제주특별자치도 제주시 애월읍 장전리 435,33.44939437,126.3907374,제주특별자치도 자치경찰단 교통정보센터,제주서부경찰서,Y,1,15,2022-12-01
유치원,장전초등학교 병설유치원,제주특별자치도 제주시 애월읍 장전로 122,제주특별자치도 제주시 애월읍 장전리 435,33.44939437,126.3907374,제주특별자치도 자치경찰단 교통정보센터,제주서부경찰서,Y,2,7~16,2022-12-01
초등학교,금악초등학교,제주특별자치도 제주시 한림읍 금악남2길 1,제주특별자치도 제주시 한림읍 금악리 1915,33.35664546,126.2963556,제주특별자치도 자치경찰단 교통정보센터,제주서부경찰서,N,1,3~12,2022-12-01
초등학교,김녕초등학교 동복분교,제주특별자치도 제주시 구좌읍 동복로 66-5,제주특별자치도 제주시 구좌읍 동복리 1367,33.55240328,126.7135735,제주특별자치도 자치경찰단 교통정보센터,제주동부경찰서,Y,2,13,2022-12-01
유치원,김녕초등학교 동복분교 병설유치원,제주특별자치도 제주시 구좌읍 동복로 66-5,제주특별자치도 제주시 구좌읍 동복리 1367,33.55240328,126.7135735,제주특별자치도 자치경찰단 교통정보센터,제주동부경찰서,Y,1,5,2022-12-01
초등학교,한라초등학교,제주특별자치도 제주시 연화로 42,제주특별자치도 제주시 노형동 754-2,33.4778157,126.4864335,제주특별자치도 자치경찰단 교통정보센터,제주서부경찰서,Y,2,6~22,2022-12-01
초등학교,도평초등학교,제주특별자치도 제주시 도평길 17,제주특별자치도 제주시 도평동 866,33.48082926,126.4467736,제주특별자치도 자치경찰단 교통정보센터,제주서부경찰서,Y,3,8~12,2022-12-01
유치원,도평초등학교 병설유치원,제주특별자치도 제주시 도평길 17,제주특별자치도 제주시 도평동 866,33.48082926,126.4467736,제주특별자치도 자치경찰단 교통정보센터,제주서부경찰서,Y,3,15,2022-12-01
초등학교,물메초등학교,제주특별자치도 제주시 애월읍 엄수로 202-4,제주특별자치도 제주시 애월읍 수산리 1033,33.46618837,126.3914319,제주특별자치도 자치경찰단 교통정보센터,제주서부경찰서,Y,3,15~18,2022-12-01
유치원,물메초등학교 병설유치원,제주특별자치도 제주시 애월읍 엄수로 202-4,제주특별자치도 제주시 애월읍 수산리 1033,33.46618837,126.3914319,제주특별자치도 자치경찰단 교통정보센터,제주서부경찰서,Y,0,28,2022-12-01
초등학교,고산초등학교,제주특별자치도 제주시 한경면 고산로1길 16,제주특별자치도 제주시 한경면 고산리 2684-1,33.30452697,126.1768735,제주특별자치도 자치경찰단 교통정보센터,제주서부경찰서,Y,1,16,2022-12-01
유치원,고산초등학교 병설유치원,제주특별자치도 제주시 한경면 고산로1길 16,제주특별자치도 제주시 한경면 고산리 2684-1,33.30452697,126.1768735,제주특별자치도 자치경찰단 교통정보센터,제주서부경찰서,Y,0,6,2022-12-01
초등학교,백록초등학교,제주특별자치도 제주시 정존5길 62,제주특별자치도 제주시 노형동 2583-2,33.48710078,126.4702267,제주특별자치도 자치경찰단 교통정보센터,제주서부경찰서,Y,2,8~32,2022-12-01
유치원,백록초등학교 병설유치원,제주특별자치도 제주시 정존5길 62,제주특별자치도 제주시 노형동 2583-2,33.48710078,126.4702267,제주특별자치도 자치경찰단 교통정보센터,제주서부경찰서,Y,3,12~19,2022-12-01
특수학교,제주영지학교,제주특별자치도 제주시 간월동로3길 15,제주특별자치도 제주시 이도이동 690,33.48883859,126.5427401,제주특별자치도 자치경찰단 교통정보센터,제주동부경찰서,Y,2,10~14,2022-12-01
특수학교,제주영송학교,제주특별자치도 제주시 애월읍 광령중길 126-3,제주특별자치도 제주시 애월읍 광령리 2549,33.45007214,126.4342649,제주특별자치도 자치경찰단 교통정보센터,제주동부경찰서,N,2,6~24,2022-12-01
유치원,제주영락유치원,제주특별자치도 제주시 동광로23길 15,제주특별자치도 제주시 일도이동 153-5,33.51135415,126.542957,제주특별자치도 자치경찰단 교통정보센터,제주동부경찰서,Y,1,28,2022-12-01
유치원,전원유치원,제주특별자치도 제주시 구남동8길 1-6,제주특별자치도 제주시 이도이동 2020-5,33.48755857,126.5392776,제주특별자치도 자치경찰단 교통정보센터,제주동부경찰서,Y,3,14,2022-12-01
유치원,동원유치원,제주특별자치도 제주시 황새왓길 20,제주특별자치도 제주시 이도이동 13-2,33.49799164,126.5509672,제주특별자치도 자치경찰단 교통정보센터,제주동부경찰서,Y,2,25,2022-12-01
초등학교,제주대학교교육대학 부설초등학교,제주특별자치도 제주시 일주동로 61,제주특별자치도 제주시 화북일동 4810,33.51393117,126.5522134,제주특별자치도 자치경찰단 교통정보센터,제주동부경찰서,Y,1,15,2022-12-01
초등학교,해안초등학교,제주특별자치도 제주시 해안마을길 76,제주특별자치도 제주시 해안동 1948,33.45703335,126.4545476,제주특별자치도 자치경찰단 교통정보센터,제주서부경찰서,Y,2,7~15,2022-12-01
유치원,중앙유치원,제주특별자치도 제주시 고마로7길 11,제주특별자치도 제주시 일도이동 159-3,33.51183524,126.5398159,제주특별자치도 자치경찰단 교통정보센터,제주동부경찰서,Y,2,15,2022-12-01
유치원,연동 유치원,제주특별자치도 제주시 제원3길 3,제주특별자치도 제주시 연동 262-45,33.4872886,126.4888003,제주특별자치도 자치경찰단 교통정보센터,제주서부경찰서,Y,3,6~14,2022-12-01
유치원,한라유치원,제주특별자치도 제주시 국기로2길 18,제주특별자치도 제주시 연동 1504-1,33.47989492,126.4917183,제주특별자치도 자치경찰단 교통정보센터,제주서부경찰서,Y,1,13,2022-12-01
유치원,제주충신유치원,제주특별자치도 제주시 연화로2길 17-6,제주특별자치도 제주시 연동 1519,33.47802033,126.4892841,제주특별자치도 자치경찰단 교통정보센터,제주서부경찰서,Y,3,13~16,2022-12-01
어린이집,제주삼성어린이집,제주특별자치도 제주시 삼성로 17,제주특별자치도 제주시 이도일동 1692-22,33.50563721,126.527753,제주특별자치도 자치경찰단 교통정보센터,제주동부경찰서,Y,1,15,2022-12-01
어린이집,제주근로복지공단어린이집,제주특별자치도 제주시 지석4길 12,제주특별자치도 제주시 삼양이동 2145-9,33.52051096,126.5794221,제주특별자치도 자치경찰단 교통정보센터,제주동부경찰서,N,2,4~26,2022-12-01
어린이집,해든어린이집,제주특별자치도 제주시 우령6길 63,제주특별자치도 제주시 외도일동 634-10,33.48565152,126.4290659,제주특별자치도 자치경찰단 교통정보센터,제주서부경찰서,Y,2,5~25,2022-12-01
어린이집,성지어린이집,제주특별자치도 제주시 우정로3길 19,제주특별자치도 제주시 외도일동 435-5,33.49154167,126.4331665,제주특별자치도 자치경찰단 교통정보센터,제주서부경찰서,Y,9,16,2022-12-01
어린이집,제주YWCA어린이집,제주특별자치도 제주시 진남로4길 7,제주특별자치도 제주시 화북일동 1964-16,33.52043587,126.5643998,제주특별자치도 자치경찰단 교통정보센터,제주동부경찰서,Y,9,13,2022-12-01
어린이집,삼도어린이집,제주특별자치도 제주시 남성로26길 30,제주특별자치도 제주시 삼도이동 235-25,33.50688847,126.523851,제주특별자치도 자치경찰단 교통정보센터,제주동부경찰서,Y,2,15,2022-12-01
어린이집,제주관광대학부속어린이집,제주특별자치도 제주시 신대로20길 23,제주특별자치도 제주시 연동 297,33.48355169,126.4938771,제주특별자치도 자치경찰단 교통정보센터,제주서부경찰서,Y,6,11~18,2022-12-01
어린이집,제주어린이집,제주특별자치도 제주시 아봉로 77,제주특별자치도 제주시 아라이동 938-2,33.47851287,126.5523432,제주특별자치도 자치경찰단 교통정보센터,제주동부경찰서,Y,1,9~15,2022-12-01
초등학교,월랑초등학교,제주특별자치도 제주시 남녕로 63,제주특별자치도 제주시 노형동 3764-9,33.49312138,126.4784428,제주특별자치도 자치경찰단 교통정보센터,제주서부경찰서,Y,4,7,2022-12-01
유치원,월랑초등학교 병설유치원,제주특별자치도 제주시 남녕로 63,제주특별자치도 제주시 노형동 3764-9,33.49312138,126.4784428,제주특별자치도 자치경찰단 교통정보센터,제주서부경찰서,Y,3,8~35,2022-12-01
초등학교,납읍초등학교,제주특별자치도 제주시 애월읍 납읍로2길 47,제주특별자치도 제주시 애월읍 납읍리 1504-2,33.43543559,126.3306486,제주특별자치도 자치경찰단 교통정보센터,제주서부경찰서,Y,3,15,2022-12-01
유치원,납읍초등학교 병설유치원,제주특별자치도 제주시 애월읍 납읍로2길 47,제주특별자치도 제주시 애월읍 납읍리 1504-2,33.43543559,126.3306486,제주특별자치도 자치경찰단 교통정보센터,제주서부경찰서,Y,2,10~15,2022-12-01
초등학교,추자초등학교,제주특별자치도 제주시 추자면 대서3길 10,제주특별자치도 제주시 추자면 대서리 57,33.96434138,126.2962962,제주특별자치도 자치경찰단 교통정보센터,제주동부경찰서,N,1,23,2022-12-01
유치원,추자초등학교 병설유치원,제주특별자치도 제주시 추자면 대서3길 10,제주특별자치도 제주시 추자면 대서리 57,33.96434138,126.2962962,제주특별자치도 자치경찰단 교통정보센터,제주동부경찰서,N,1,9~14,2022-12-01
어린이집,둥지어린이집,제주특별자치도 제주시 애월읍 하광로 199,제주특별자치도 제주시 애월읍 하귀1리 1101-2,33.4703078,126.419494,제주특별자치도 자치경찰단 교통정보센터,제주서부경찰서,Y,1,6~17,2022-12-01
어린이집,선덕어린이집,제주특별자치도 제주시 정실3길 57,제주특별자치도 제주시 오라이동 872-1,33.47608158,126.5115052,제주특별자치도 자치경찰단 교통정보센터,제주서부경찰서,Y,2,24,2022-12-01
어린이집,삼화어린이집,제주특별자치도 제주시 선사로6길 85-1,제주특별자치도 제주시 삼양일동 1579-9,33.52914555,126.5929841,제주특별자치도 자치경찰단 교통정보센터,제주동부경찰서,Y,5,8,2022-12-01
어린이집,공립새솔어린이집,제주특별자치도 제주시 애월읍 하귀11길 32,제주특별자치도 제주시 애월읍 하귀1리 201-6,33.48335502,126.4136057,제주특별자치도 자치경찰단 교통정보센터,제주서부경찰서,Y,2,14,2022-12-01
어린이집,애육어린이집,제주특별자치도 제주시 다랑곶6길 61,제주특별자치도 제주시 노형동 1035-16,33.49176183,126.4777899,제주특별자치도 자치경찰단 교통정보센터,제주서부경찰서,Y,2,13,2022-12-01
어린이집,전원어린이집,제주특별자치도 제주시 구남동8길 1-2,제주특별자치도 제주시 이도이동 2020-4,33.48768139,126.5395734,제주특별자치도 자치경찰단 교통정보센터,제주동부경찰서,Y,,,2022-12-01
어린이집,제주영락어린이집,제주특별자치도 제주시 동광로23길 15,제주특별자치도 제주시 일도이동 153-5,33.51135415,126.542957,제주특별자치도 자치경찰단 교통정보센터,제주동부경찰서,Y,,,2022-12-01
어린이집,딸기아트어린이집,제주특별자치도 제주시 황새왓길 29-1,제주특별자치도 제주시 일도이동 8-1,33.49818135,126.5523676,제주특별자치도 자치경찰단 교통정보센터,제주동부경찰서,Y,,,2022-12-01
초등학교,더럭초등학교,제주특별자치도 제주시 애월읍 하가로 195,제주특별자치도 제주시 애월읍 하가리 1580-1,33.45359494,126.3451713,제주특별자치도 자치경찰단 교통정보센터,제주서부경찰서,Y,,,2022-12-01
초등학교,조천초등학교교래분교,제주특별자치도 제주시 조천읍 비자림로 672,제주특별자치도 제주시 조천읍 교래리 564,33.43650075,126.6780473,제주특별자치도 자치경찰단 교통정보센터,제주동부경찰서,Y,,,2022-12-01
초등학교,함덕초등학교선흘분교,제주특별자치도 제주시 조천읍 선흘동1길 41,제주특별자치도 제주시 조천읍 선흘리 1019,33.51505511,126.7046052,제주특별자치도 자치경찰단 교통정보센터,제주동부경찰서,Y,,,2022-12-01
초등학교,함덕초등학교선인분교,제주특별자치도 제주시 조천읍 선진길 7-18,제주특별자치도 제주시 조천읍 선흘리 1947-15,33.45942788,126.704213,제주특별자치도 자치경찰단 교통정보센터,제주동부경찰서,Y,,,2022-12-01
초등학교,추자초등학교신양분교,제주특별자치도 제주시 추자면 추자로 553-10,제주특별자치도 제주시 추자면 신양리 486,33.94464889,126.3252092,제주특별자치도 자치경찰단 교통정보센터,제주동부경찰서,N,,,2022-12-01
유치원,추자초등학교신양분교 병설유치원,제주특별자치도 제주시 추자면 추자로 553-10,제주특별자치도 제주시 추자면 신양리 486,33.94464889,126.3252092,제주특별자치도 자치경찰단 교통정보센터,제주동부경찰서,N,,,2022-12-01
유치원,마야유치원,제주특별자치도 제주시 거로남6길 48,제주특별자치도 제주시 화북이동 3416,33.50788615,126.5647548,제주특별자치도 자치경찰단 교통정보센터,제주동부경찰서,Y,,,2022-12-01
유치원,제주엔젤유치원,제주특별자치도 제주시 월평9길 2-8,제주특별자치도 제주시 월평동 416-3,33.47131062,126.5810435,제주특별자치도 자치경찰단 교통정보센터,제주서부경찰서,Y,,,2022-12-01
유치원,제주한라대학부설유치원,제주특별자치도 제주시 진군남2길 18,제주특별자치도 제주시 노형동 1576-5,33.47491185,126.4771396,제주특별자치도 자치경찰단 교통정보센터,제주서부경찰서,N,,,2022-12-01
유치원,새순유치원,제주특별자치도 제주시 수덕로 66,제주특별자치도 제주시 노형동 2585-4,33.48522803,126.4704248,제주특별자치도 자치경찰단 교통정보센터,제주서부경찰서,Y,,,2022-12-01
유치원,한림성모유치원,제주특별자치도 제주시 한림읍 한수풀로 28-4,제주특별자치도 제주시 한림읍 한림리 1308-3,33.41731966,126.2662426,제주특별자치도 자치경찰단 교통정보센터,제주서부경찰서,Y,,,2022-12-01
유치원,제주관광대학 부속유치원,제주특별자치도 제주시 애월읍 평화로 2755-1,제주특별자치도 제주시 애월읍 광령리 2559,33.45112052,126.4352944,제주특별자치도 자치경찰단 교통정보센터,제주서부경찰서,N,,,2022-12-01
어린이집,신광어린이집,제주특별자치도 제주시 신산마을동길 18,제주특별자치도 제주시 도평동 587-10,33.49073504,126.450872,제주특별자치도 자치경찰단 교통정보센터,제주서부경찰서,N,,,2022-12-01
어린이집,남국어린이집,제주특별자치도 제주시 중앙로 476,제주특별자치도 제주시 아라일동 2341-1,33.48070111,126.5433886,제주특별자치도 자치경찰단 교통정보센터,제주동부경찰서,Y,,,2022-12-01
어린이집,무궁화어린이집,제주특별자치도 제주시 사송길 42,제주특별자치도 제주시 영평동 2351-1,33.47420438,126.5649697,제주특별자치도 자치경찰단 교통정보센터,제주동부경찰서,Y,,,2022-12-01
어린이집,녹원어린이집,제주특별자치도 제주시 연미3길 30,제주특별자치도 제주시 오라이동 1955-1,33.48754858,126.506655,제주특별자치도 자치경찰단 교통정보센터,제주서부경찰서,Y,,,2022-12-01
어린이집,용담어린이집,제주특별자치도 제주시 성화로 20,제주특별자치도 제주시 용담이동 608-3,33.51169521,126.5055758,제주특별자치도 자치경찰단 교통정보센터,제주서부경찰서,Y,,,2022-12-01
어린이집,장미어린이집,제주특별자치도 제주시 백포중길 19,제주특별자치도 제주시 이호일동 554-4,33.50172316,126.4590928,제주특별자치도 자치경찰단 교통정보센터,제주서부경찰서,Y,,,2022-12-01
어린이집,해안어린이집,제주특별자치도 제주시 해안마을6길 36,제주특별자치도 제주시 해안동 2456,33.45597353,126.4515035,제주특별자치도 자치경찰단 교통정보센터,제주서부경찰서,Y,,,2022-12-01
어린이집,국청사어린이집,제주특별자치도 제주시 거로남6길 48,제주특별자치도 제주시 화북이동 3416,33.50788615,126.5647548,제주특별자치도 자치경찰단 교통정보센터,제주동부경찰서,Y,,,2022-12-01
어린이집,동남어린이집,제주특별자치도 제주시 한림읍 옹포4길 7,제주특별자치도 제주시 한림읍 옹포리 617-4,33.40149775,126.2520436,제주특별자치도 자치경찰단 교통정보센터,제주서부경찰서,Y,,,2022-12-01
어린이집,명지어린이집,제주특별자치도 제주시 조천읍 조천남4길 13-4,제주특별자치도 제주시 조천읍 조천리 2288,33.53324646,126.6401667,제주특별자치도 자치경찰단 교통정보센터,제주동부경찰서,Y,,,2022-12-01
어린이집,주사랑어린이집,제주특별자치도 제주시 애월읍 애상로 76,제주특별자치도 제주시 애월읍 애월리 157-1,33.45823622,126.3303678,제주특별자치도 자치경찰단 교통정보센터,제주서부경찰서,Y,,,2022-12-01
어린이집,로뎀나무어린이집,제주특별자치도 제주시 은수길 6-8,제주특별자치도 제주시 노형동 60,33.47563851,126.4853217,제주특별자치도 자치경찰단 교통정보센터,제주서부경찰서,Y,,,2022-12-01
어린이집,혜솔어린이집,제주특별자치도 제주시 진군남4길 20,제주특별자치도 제주시 노형동 667,33.47513782,126.4794837,제주특별자치도 자치경찰단 교통정보센터,제주서부경찰서,Y,,,2022-12-01
어린이집,재놀스배어린이집,제주특별자치도 제주시 오일장서길 41-3,제주특별자치도 제주시 도두일동 1202-2,33.49574822,126.473403,제주특별자치도 자치경찰단 교통정보센터,제주서부경찰서,Y,,,2022-12-01
어린이집,옹기장이어린이집,제주특별자치도 제주시 창오길 30-5,제주특별자치도 제주시 도평동 1269,33.47912537,126.4434779,제주특별자치도 자치경찰단 교통정보센터,제주서부경찰서,Y,,,2022-12-01
어린이집,연동 어린이집,제주특별자치도 제주시 과원로 80-10,제주특별자치도 제주시 연동 1413,33.47663214,126.4920038,제주특별자치도 자치경찰단 교통정보센터,제주서부경찰서,N,,,2022-12-01
어린이집,꾸러기어린이집,제주특별자치도 제주시 삼성로 90,제주특별자치도 제주시 일도이동 167,33.50865775,126.5346234,제주특별자치도 자치경찰단 교통정보센터,제주동부경찰서,Y,,,2022-12-01
유치원,제주YMCA유치원,제주특별자치도 제주시 관덕로2길 1,제주특별자치도 제주시 삼도이동 905,33.51255976,126.5204192,제주특별자치도 자치경찰단 교통정보센터,제주동부경찰서,Y,,,2022-12-01
어린이집,한림원광어린이집,제주특별자치도 제주시 한림읍 명랑남길 13,제주특별자치도 제주시 한림읍 한림리 546,33.41523469,126.2707763,제주특별자치도 자치경찰단 교통정보센터,제주서부경찰서,Y,,,2022-12-01
어린이집,조천삼일어린이집,제주특별자치도 제주시 조천읍 조와로 10,제주특별자치도 제주시 조천읍 조천리 2211-6,33.53480577,126.6353304,제주특별자치도 자치경찰단 교통정보센터,제주동부경찰서,Y,,,2022-12-01
초등학교,이도초등학교,제주특별자치도 제주시 구남동2길 58,제주특별자치도 제주시 이도이동 2038,33.48789867,126.5321344,제주특별자치도 자치경찰단 교통정보센터,제주동부경찰서,Y,,,2022-12-01
유치원,이도초등학교 병설유치원,제주특별자치도 제주시 구남동2길 58,제주특별자치도 제주시 이도이동 2038,33.48789867,126.5321344,제주특별자치도 자치경찰단 교통정보센터,제주동부경찰서,Y,,,2022-12-01
초등학교,하귀일초등학교,제주특별자치도 제주시 애월읍 하귀9길 42,제주특별자치도 제주시 애월읍 하귀1리 158-1,33.48390197,126.4151797,제주특별자치도 자치경찰단 교통정보센터,제주서부경찰서,Y,,,2022-12-01
유치원,하귀일초등학교 병설유치원,제주특별자치도 제주시 애월읍 하귀9길 42,제주특별자치도 제주시 애월읍 하귀1리 158-1,33.48390197,126.4151797,제주특별자치도 자치경찰단 교통정보센터,제주서부경찰서,Y,,,2022-12-01
초등학교,삼화초등학교,제주특별자치도 제주시 화삼북로2길 27,제주특별자치도 제주시 화북일동 1012-2,33.51522409,126.577005,제주특별자치도 자치경찰단 교통정보센터,제주동부경찰서,Y,,,2022-12-01
유치원,삼화초등학교 병설유치원,제주특별자치도 제주시 화삼북로2길 27,제주특별자치도 제주시 화북일동 1012-2,33.51522409,126.577005,제주특별자치도 자치경찰단 교통정보센터,제주동부경찰서,Y,,,2022-12-01
유치원,까리따스유치원,제주특별자치도 제주시 인다10길 19,제주특별자치도 제주시 아라일동 6115,33.47489189,126.5479235,제주특별자치도 자치경찰단 교통정보센터,제주동부경찰서,Y,,,2022-12-01
어린이집,아이세상어린이집,제주특별자치도 제주시 애월읍 엄장로 73,제주특별자치도 제주시 애월읍 수산리 2093-1,33.46883821,126.378886,제주특별자치도 자치경찰단 교통정보센터,제주서부경찰서,Y,,,2022-12-01
유치원,해봉유치원,제주특별자치도 제주시 삼동2길 21-7,제주특별자치도 제주시 연동 1424-6,33.47710767,126.4942289,제주특별자치도 자치경찰단 교통정보센터,제주서부경찰서,Y,,,2022-12-01
초등학교,도련초등학교,제주특별자치도 제주시 화삼로 104,제주특별자치도 제주시 도련일동 1913,33.51379157,126.5839871,제주특별자치도 자치경찰단 교통정보센터,제주동부경찰서,Y,,,2022-12-01
유치원,도련초등학교 병설유치원,제주특별자치도 제주시 화삼로 104,제주특별자치도 제주시 도련일동 1913,33.51379157,126.5839871,제주특별자치도 자치경찰단 교통정보센터,제주동부경찰서,Y,,,2022-12-01
어린이집,한샘어린이집,제주특별자치도 제주시 지석8길 13-11,제주특별자치도 제주시 삼양이동 2175-10,33.52011566,126.5824212,제주특별자치도 자치경찰단 교통정보센터,제주동부경찰서,Y,,,2022-12-01
어린이집,예솔어린이집,제주특별자치도 제주시 용문로11길 33,제주특별자치도 제주시 용담이동 633-61,33.50777477,126.5057199,제주특별자치도 자치경찰단 교통정보센터,제주서부경찰서,Y,,,2022-12-01
어린이집,꼬마숲어린이집,제주특별자치도 제주시 용문로11길 26,제주특별자치도 제주시 용담이동 656-5,33.50751717,126.5065088,제주특별자치도 자치경찰단 교통정보센터,제주서부경찰서,Y,,,2022-12-01
어린이집,다음 카카오 어린이집,제주특별자치도 제주시 첨단로 242,제주특별자치도 제주시 영평동 2181,33.45068107,126.5704934,제주특별자치도 자치경찰단 교통정보센터,제주동부경찰서,Y,,,2022-12-01
어린이집,노란 잠수함어린이집,제주특별자치도 제주시 연사2길 16-9,제주특별자치도 제주시 오라이동 1495-3,33.48728708,126.5126136,제주특별자치도 자치경찰단 교통정보센터,제주서부경찰서,Y,,,2022-12-01
어린이집,에디슨어린이집,제주특별자치도 제주시 연사2길 12,제주특별자치도 제주시 오라이동 1474-5,33.48775669,126.5134559,제주특별자치도 자치경찰단 교통정보센터,제주서부경찰서,N,,,2022-12-01
어린이집,도토리소풍어린이집,제주특별자치도 제주시 1100로 3198-25,제주특별자치도 제주시 노형동 80,33.47374856,126.4861617,제주특별자치도 자치경찰단 교통정보센터,제주서부경찰서,Y,,,2022-12-01
어린이집,에코숲어린이집,제주특별자치도 제주시 월광로 111,제주특별자치도 제주시 노형동 2713,33.48976935,126.4706174,제주특별자치도 자치경찰단 교통정보센터,제주서부경찰서,Y,,,2022-12-01
어린이집,선유어린이집,제주특별자치도 제주시 구좌읍 일주동로 1908,제주특별자치도 제주시 구좌읍 김녕리 4372,33.55519513,126.7351879,제주특별자치도 자치경찰단 교통정보센터,제주동부경찰서,N,,,2022-12-01
어린이집,"고슴도치,해길,헤랑,큰숲 어린이집",제주특별자치도 제주시 월산남2길 8,제주특별자치도 제주시 노형동 3289-1,33.47110623,126.4643038,제주특별자치도 자치경찰단 교통정보센터,제주서부경찰서,Y,,,2022-12-01
어린이집,신창성이시돌어린이집,제주특별자치도 제주시 한경면 두신로 28,제주특별자치도 제주시 한경면 신창리 705-1,33.34528938,126.1831073,제주특별자치도 자치경찰단 교통정보센터,제주서부경찰서,Y,,,2022-12-01
어린이집,인예어린이집,제주특별자치도 제주시 대원북길 18-2,제주특별자치도 제주시 아라일동 2905-7,33.4766403,126.5320946,제주특별자치도 자치경찰단 교통정보센터,제주동부경찰서,N,,,2022-12-01
어린이집,선마을어린이집,제주특별자치도 제주시 수목원서길 50,제주특별자치도 제주시 노형동 542,33.46924219,126.4801437,제주특별자치도 자치경찰단 교통정보센터,제주서부경찰서,Y,,,2022-12-01
어린이집,보듬이나눔이제주어린이집,제주특별자치도 제주시 첨단로8길 17,제주특별자치도 제주시 영평동 2188-1,33.44825548,126.5697887,제주특별자치도 자치경찰단 교통정보센터,제주동부경찰서,Y,,,2022-12-01
어린이집,한수풀어린이집,제주특별자치도 제주시 한림읍 한수풀로 92,제주특별자치도 제주시 한림읍 대림리 1722-1,33.41974516,126.2722515,제주특별자치도 자치경찰단 교통정보센터,제주서부경찰서,Y,,,2022-12-01
어린이집,레몬숲어린이집,제주특별자치도 제주시 우평로 349-28,제주특별자치도 제주시 외도일동 1358-1,33.48360335,126.426735,제주특별자치도 자치경찰단 교통정보센터,제주서부경찰서,Y,,,2022-12-01
어린이집,세화어린이집,제주특별자치도 제주시 구좌읍 충렬로 3-3,제주특별자치도 제주시 구좌읍 세화리 1301,33.519827,126.857007,제주특별자치도 자치경찰단 교통정보센터,제주동부경찰서,N,,,2022-12-01
어린이집,애월원광어린이집,제주특별자치도 제주시 애월읍 애월로2길 10,제주특별자치도 제주시 애월읍 애월리 2158-3,33.46289442,126.3138267,제주특별자치도 자치경찰단 교통정보센터,제주서부경찰서,N,,,2022-12-01
어린이집,펀키즈어린이집,제주특별자치도 제주시 도근내길 46-7,제주특별자치도 제주시 내도동 728,33.49148381,126.4361961,제주특별자치도 자치경찰단 교통정보센터,제주서부경찰서,N,,,2022-12-01
어린이집,프라임국제어린이집,제주특별자치도 제주시 건주로2길 27-8,제주특별자치도 제주시 삼양이동 2291-7,33.5181196,126.5793474,제주특별자치도 자치경찰단 교통정보센터,제주동부경찰서,N,,,2022-12-01
어린이집,봄소리어린이집,제주특별자치도 제주시 설촌로8길 43,제주특별자치도 제주시 삼양이동 2113-5,33.52382907,126.5860524,제주특별자치도 자치경찰단 교통정보센터,제주동부경찰서,N,,,2022-12-01
어린이집,부라보어린이집,제주특별자치도 제주시 삼봉로3길 6,제주특별자치도 제주시 도련이동 513-1,33.518494,126.589278,제주특별자치도 자치경찰단 교통정보센터,제주동부경찰서,Y,,,2022-12-01
어린이집,반석어린이집,제주특별자치도 제주시 매촌안길 35-1,제주특별자치도 제주시 도련이동 652-3,33.51222293,126.592284,제주특별자치도 자치경찰단 교통정보센터,제주동부경찰서,N,,,2022-12-01
어린이집,인도어린이집,제주특별자치도 제주시 도련안길 21,제주특별자치도 제주시 도련일동 1709,33.509616,126.586779,제주특별자치도 자치경찰단 교통정보센터,제주동부경찰서,N,,,2022-12-01
초등학교,서귀중앙초등학교,제주특별자치도 서귀포시 동문동로 54,제주특별자치도 서귀포시 서귀동 283-3,33.25250801,126.5643137,제주특별자치도 자치경찰단 교통정보센터,제주서귀포경찰서,Y,,,2022-12-01
유치원,서귀중앙초등학교 병설유치원,제주특별자치도 서귀포시 동문동로 54,제주특별자치도 서귀포시 서귀동 283-3,33.25250801,126.5643137,제주특별자치도 자치경찰단 교통정보센터,제주서귀포경찰서,Y,,,2022-12-01
초등학교,위미초등학교,제주특별자치도 서귀포시 남원읍 태위로 57,제주특별자치도 서귀포시 남원읍 위미리 4610-2,33.27410633,126.6528271,제주특별자치도 자치경찰단 교통정보센터,제주서귀포경찰서,Y,,,2022-12-01
유치원,위미초등학교 병설유치원,제주특별자치도 서귀포시 남원읍 태위로 57,제주특별자치도 서귀포시 남원읍 위미리 4610-2,33.27410633,126.6528271,제주특별자치도 자치경찰단 교통정보센터,제주서귀포경찰서,Y,,,2022-12-01
초등학교,서귀북초등학교,제주특별자치도 서귀포시 중앙로 175,제주특별자치도 서귀포시 서홍동 308-1,33.26026985,126.5582756,제주특별자치도 자치경찰단 교통정보센터,제주서귀포경찰서,Y,,,2022-12-01
유치원,서귀북초등학교 병설유치원,제주특별자치도 서귀포시 중앙로 175,제주특별자치도 서귀포시 서홍동 308-1,33.26026985,126.5582756,제주특별자치도 자치경찰단 교통정보센터,제주서귀포경찰서,Y,,,2022-12-01
초등학교,서귀포초등학교,제주특별자치도 서귀포시 솔동산로11번길 17,제주특별자치도 서귀포시 서귀동 558-3,33.24450481,126.5665408,제주특별자치도 자치경찰단 교통정보센터,제주서귀포경찰서,Y,,,2022-12-01
유치원,서귀포초등학교 병설유치원,제주특별자치도 서귀포시 솔동산로11번길 17,제주특별자치도 서귀포시 서귀동 558-3,33.24450481,126.5665408,제주특별자치도 자치경찰단 교통정보센터,제주서귀포경찰서,Y,,,2022-12-01
초등학교,서광초등학교,제주특별자치도 서귀포시 안덕면 중산간서로 1842,제주특별자치도 서귀포시 안덕면 서광리 337-1,33.2883923,126.3263777,제주특별자치도 자치경찰단 교통정보센터,제주서귀포경찰서,Y,,,2022-12-01
유치원,서광초등학교 병설유치원,제주특별자치도 서귀포시 안덕면 중산간서로 1842,제주특별자치도 서귀포시 안덕면 서광리 337-1,33.2883923,126.3263777,제주특별자치도 자치경찰단 교통정보센터,제주서귀포경찰서,Y,,,2022-12-01
초등학교,창천초등학교,제주특별자치도 서귀포시 안덕면 창천중앙로 12,제주특별자치도 서귀포시 안덕면 창천리 473,33.2634386,126.3696474,제주특별자치도 자치경찰단 교통정보센터,제주서귀포경찰서,Y,,,2022-12-01
유치원,창천초등학교 병설유치원,제주특별자치도 서귀포시 안덕면 창천중앙로 12,제주특별자치도 서귀포시 안덕면 창천리 473,33.2634386,126.3696474,제주특별자치도 자치경찰단 교통정보센터,제주서귀포경찰서,Y,,,2022-12-01
초등학교,중문초등학교,제주특별자치도 서귀포시 천제연로 231,제주특별자치도 서귀포시 중문동 1984,33.25302345,126.4301596,제주특별자치도 자치경찰단 교통정보센터,제주서귀포경찰서,Y,,,2022-12-01
유치원,중문초등학교 병설유치원,제주특별자치도 서귀포시 천제연로 231,제주특별자치도 서귀포시 중문동 1984,33.25302345,126.4301596,제주특별자치도 자치경찰단 교통정보센터,제주서귀포경찰서,Y,,,2022-12-01
초등학교,효돈초등학교,제주특별자치도 서귀포시 효돈로 161,제주특별자치도 서귀포시 신효동 123-3,33.26475526,126.615858,제주특별자치도 자치경찰단 교통정보센터,제주서귀포경찰서,Y,,,2022-12-01
유치원,효돈초등학교 병설유치원,제주특별자치도 서귀포시 효돈로 161,제주특별자치도 서귀포시 신효동 123-3,33.26475526,126.615858,제주특별자치도 자치경찰단 교통정보센터,제주서귀포경찰서,Y,,,2022-12-01
초등학교,남원초등학교,제주특별자치도 서귀포시 남원읍 태위로 647,제주특별자치도 서귀포시 남원읍 남원리 2490-2,33.27898087,126.7152073,제주특별자치도 자치경찰단 교통정보센터,제주서귀포경찰서,Y,,,2022-12-01
초등학교,서귀서초등학교,제주특별자치도 서귀포시 솜반천로 38,제주특별자치도 서귀포시 서홍동 368-2,33.25432127,126.5560258,제주특별자치도 자치경찰단 교통정보센터,제주서귀포경찰서,Y,,,2022-12-01
유치원,서귀서초등학교 병설유치원,제주특별자치도 서귀포시 솜반천로 38,제주특별자치도 서귀포시 서홍동 368-2,33.25432127,126.5560258,제주특별자치도 자치경찰단 교통정보센터,제주서귀포경찰서,Y,,,2022-12-01
초등학교,대정서초등학교,제주특별자치도 서귀포시 대정읍 동일하모로 43,제주특별자치도 서귀포시 대정읍 동일리 2659-2,33.23207825,126.2395591,제주특별자치도 자치경찰단 교통정보센터,제주서귀포경찰서,Y,,,2022-12-01
유치원,대정서초등학교 병설유치원,제주특별자치도 서귀포시 대정읍 동일하모로 43,제주특별자치도 서귀포시 대정읍 동일리 2659-2,33.23207825,126.2395591,제주특별자치도 자치경찰단 교통정보센터,제주서귀포경찰서,Y,,,2022-12-01
초등학교,동남초등학교,제주특별자치도 서귀포시 성산읍 고성오조로 55,제주특별자치도 서귀포시 성산읍 고성리 1128-1,33.4493879,126.9140525,제주특별자치도 자치경찰단 교통정보센터,제주서귀포경찰서,Y,,,2022-12-01
유치원,동남초등학교 병설유치원,제주특별자치도 서귀포시 성산읍 고성오조로 55,제주특별자치도 서귀포시 성산읍 고성리 1128-1,33.4493879,126.9140525,제주특별자치도 자치경찰단 교통정보센터,제주서귀포경찰서,Y,,,2022-12-01
초등학교,새서귀초등학교,제주특별자치도 서귀포시 신서귀로76번길 6-3,제주특별자치도 서귀포시 서호동 1451,33.25667725,126.5133114,제주특별자치도 자치경찰단 교통정보센터,제주서귀포경찰서,Y,,,2022-12-01
초등학교,예래초등학교,제주특별자치도 서귀포시 예래로 210-14,제주특별자치도 서귀포시 상예동 1152-3,33.24574733,126.3915555,제주특별자치도 자치경찰단 교통정보센터,제주서귀포경찰서,Y,,,2022-12-01
유치원,예래초등학교 병설유치원,제주특별자치도 서귀포시 예래로 210-14,제주특별자치도 서귀포시 상예동 1152-3,33.24574733,126.3915555,제주특별자치도 자치경찰단 교통정보센터,제주서귀포경찰서,Y,,,2022-12-01
초등학교,대정초등학교,제주특별자치도 서귀포시 대정읍 상모대서로 15,제주특별자치도 서귀포시 대정읍 하모리 2121-2,33.22559249,126.2556877,제주특별자치도 자치경찰단 교통정보센터,제주서귀포경찰서,Y,,,2022-12-01
유치원,대정초등학교 병설유치원,제주특별자치도 서귀포시 대정읍 상모대서로 15,제주특별자치도 서귀포시 대정읍 하모리 2121-2,33.22559249,126.2556877,제주특별자치도 자치경찰단 교통정보센터,제주서귀포경찰서,Y,,,2022-12-01
초등학교,사계초등학교,제주특별자치도 서귀포시 안덕면 산방로 346,제주특별자치도 서귀포시 안덕면 사계리 1731-2,33.23373681,126.3001334,제주특별자치도 자치경찰단 교통정보센터,제주서귀포경찰서,Y,,,2022-12-01
유치원,사계초등학교 병설유치원,제주특별자치도 서귀포시 안덕면 산방로 346,제주특별자치도 서귀포시 안덕면 사계리 1731-2,33.23373681,126.3001334,제주특별자치도 자치경찰단 교통정보센터,제주서귀포경찰서,Y,,,2022-12-01
초등학교,하례초등학교,제주특별자치도 서귀포시 남원읍 일주동로 8002,제주특별자치도 서귀포시 남원읍 하례리 326,33.26498644,126.6313153,제주특별자치도 자치경찰단 교통정보센터,제주서귀포경찰서,Y,,,2022-12-01
유치원,하례초등학교 병설유치원,제주특별자치도 서귀포시 남원읍 일주동로 8002,제주특별자치도 서귀포시 남원읍 하례리 326,33.26498644,126.6313153,제주특별자치도 자치경찰단 교통정보센터,제주서귀포경찰서,Y,,,2022-12-01
초등학교,성읍초등학교,제주특별자치도 서귀포시 표선면 성읍민속로 65,제주특별자치도 서귀포시 표선면 성읍리 1002,33.38427482,126.7985093,제주특별자치도 자치경찰단 교통정보센터,제주서귀포경찰서,Y,,,2022-12-01
유치원,성읍초등학교 병설유치원,제주특별자치도 서귀포시 표선면 성읍민속로 65,제주특별자치도 서귀포시 표선면 성읍리 1002,33.38427482,126.7985093,제주특별자치도 자치경찰단 교통정보센터,제주서귀포경찰서,Y,,,2022-12-01
초등학교,수산초등학교,제주특별자치도 서귀포시 성산읍 수시로 9,제주특별자치도 서귀포시 성산읍 수산리 580,33.44713494,126.8848955,제주특별자치도 자치경찰단 교통정보센터,제주서귀포경찰서,Y,,,2022-12-01
유치원,수산초등학교 병설유치원,제주특별자치도 서귀포시 성산읍 수시로 9,제주특별자치도 서귀포시 성산읍 수산리 580,33.44713494,126.8848955,제주특별자치도 자치경찰단 교통정보센터,제주서귀포경찰서,Y,,,2022-12-01
초등학교,한마음초등학교,제주특별자치도 서귀포시 표선면 한마음초등로 408,제주특별자치도 서귀포시 표선면 하천리 1794-1,33.3523561,126.8145563,제주특별자치도 자치경찰단 교통정보센터,제주서귀포경찰서,Y,,,2022-12-01
유치원,한마음초등학교 병설유치원,제주특별자치도 서귀포시 표선면 한마음초등로 408,제주특별자치도 서귀포시 표선면 하천리 1794-1,33.3523561,126.8145563,제주특별자치도 자치경찰단 교통정보센터,제주서귀포경찰서,Y,,,2022-12-01
초등학교,흥산초등학교,제주특별자치도 서귀포시 남원읍 일주동로 6642,제주특별자치도 서귀포시 남원읍 신흥리 174-1,33.3003091,126.7648491,제주특별자치도 자치경찰단 교통정보센터,제주서귀포경찰서,Y,,,2022-12-01
유치원,흥산초등학교 병설유치원,제주특별자치도 서귀포시 남원읍 일주동로 6642,제주특별자치도 서귀포시 남원읍 신흥리 174-1,33.3003091,126.7648491,제주특별자치도 자치경찰단 교통정보센터,제주서귀포경찰서,Y,,,2022-12-01
초등학교,의귀초등학교,제주특별자치도 서귀포시 남원읍 한신로 213,제주특별자치도 서귀포시 남원읍 의귀리 1483-3,33.31111895,126.714628,제주특별자치도 자치경찰단 교통정보센터,제주서귀포경찰서,Y,,,2022-12-01
유치원,의귀초등학교 병설유치원,제주특별자치도 서귀포시 남원읍 한신로 213,제주특별자치도 서귀포시 남원읍 의귀리 1483-3,33.31111895,126.714628,제주특별자치도 자치경찰단 교통정보센터,제주서귀포경찰서,Y,,,2022-12-01
초등학교,보성초등학교,제주특별자치도 서귀포시 대정읍 추사로55번길 6-1,제주특별자치도 서귀포시 대정읍 보성리 1629-1,33.24993808,126.2758449,제주특별자치도 자치경찰단 교통정보센터,제주서귀포경찰서,Y,,,2022-12-01
유치원,보성초등학교 병설유치원,제주특별자치도 서귀포시 대정읍 추사로55번길 6-1,제주특별자치도 서귀포시 대정읍 보성리 1629-1,33.24993808,126.2758449,제주특별자치도 자치경찰단 교통정보센터,제주서귀포경찰서,Y,,,2022-12-01
초등학교,무릉초등학교,제주특별자치도 서귀포시 대정읍 서삼중로 106,제주특별자치도 서귀포시 대정읍 무릉리 2802,33.27282519,126.2014269,제주특별자치도 자치경찰단 교통정보센터,제주서귀포경찰서,Y,,,2022-12-01
유치원,무릉초등학교 병설유치원,제주특별자치도 서귀포시 대정읍 서삼중로 106,제주특별자치도 서귀포시 대정읍 무릉리 2802,33.27282519,126.2014269,제주특별자치도 자치경찰단 교통정보센터,제주서귀포경찰서,Y,,,2022-12-01
초등학교,강정초등학교,제주특별자치도 서귀포시 말질로 188,제주특별자치도 서귀포시 강정동 4550,33.23500897,126.4786657,제주특별자치도 자치경찰단 교통정보센터,제주서귀포경찰서,Y,,,2022-12-01
유치원,강정초등학교 병설유치원,제주특별자치도 서귀포시 말질로 188,제주특별자치도 서귀포시 강정동 4550,33.23500897,126.4786657,제주특별자치도 자치경찰단 교통정보센터,제주서귀포경찰서,Y,,,2022-12-01
초등학교,하원초등학교,제주특별자치도 서귀포시 월평하원로 149,제주특별자치도 서귀포시 하원동 323-1,33.25334293,126.4594523,제주특별자치도 자치경찰단 교통정보센터,제주서귀포경찰서,Y,,,2022-12-01
유치원,하원초등학교 병설유치원,제주특별자치도 서귀포시 월평하원로 149,제주특별자치도 서귀포시 하원동 323-1,33.25334293,126.4594523,제주특별자치도 자치경찰단 교통정보센터,제주서귀포경찰서,Y,,,2022-12-01
초등학교,온평초등학교,제주특별자치도 서귀포시 성산읍 일주동로 4740,제주특별자치도 서귀포시 성산읍 온평리 1577,33.40844659,126.8972158,제주특별자치도 자치경찰단 교통정보센터,제주서귀포경찰서,Y,,,2022-12-01
유치원,온평초등학교 병설유치원,제주특별자치도 서귀포시 성산읍 일주동로 4740,제주특별자치도 서귀포시 성산읍 온평리 1577,33.40844659,126.8972158,제주특별자치도 자치경찰단 교통정보센터,제주서귀포경찰서,Y,,,2022-12-01
초등학교,시흥초등학교,제주특별자치도 서귀포시 성산읍 시흥상동로 113,제주특별자치도 서귀포시 성산읍 시흥리 1214-4,33.47972349,126.8949188,제주특별자치도 자치경찰단 교통정보센터,제주서귀포경찰서,Y,,,2022-12-01
유치원,시흥초등학교 병설유치원,제주특별자치도 서귀포시 성산읍 시흥상동로 113,제주특별자치도 서귀포시 성산읍 시흥리 1214-4,33.47972349,126.8949188,제주특별자치도 자치경찰단 교통정보센터,제주서귀포경찰서,Y,,,2022-12-01
초등학교,신산초등학교,제주특별자치도 서귀포시 성산읍 일주동로 5104,제주특별자치도 서귀포시 성산읍 신산리 963,33.38162136,126.8755684,제주특별자치도 자치경찰단 교통정보센터,제주서귀포경찰서,Y,,,2022-12-01
유치원,신산초등학교 병설유치원,제주특별자치도 서귀포시 성산읍 일주동로 5104,제주특별자치도 서귀포시 성산읍 신산리 963,33.38162136,126.8755684,제주특별자치도 자치경찰단 교통정보센터,제주서귀포경찰서,Y,,,2022-12-01
초등학교,표선초등학교,제주특별자치도 서귀포시 표선면 표선동서로 293,제주특별자치도 서귀포시 표선면 표선리 456,33.32994427,126.834314,제주특별자치도 자치경찰단 교통정보센터,제주서귀포경찰서,Y,,,2022-12-01
유치원,표선초등학교 병설유치원,제주특별자치도 서귀포시 표선면 표선동서로 293,제주특별자치도 서귀포시 표선면 표선리 456,33.32994427,126.834314,제주특별자치도 자치경찰단 교통정보센터,제주서귀포경찰서,Y,,,2022-12-01
초등학교,가마초등학교,제주특별자치도 서귀포시 표선면 일주동로6285번길 8,제주특별자치도 서귀포시 표선면 세화리 1538-3,33.30594577,126.7994893,제주특별자치도 자치경찰단 교통정보센터,제주서귀포경찰서,Y,,,2022-12-01
초등학교,신례초등학교,제주특별자치도 서귀포시 남원읍 중산간동로 7116,제주특별자치도 서귀포시 남원읍 신례리 822-1,33.28468832,126.6317123,제주특별자치도 자치경찰단 교통정보센터,제주서귀포경찰서,Y,,,2022-12-01
유치원,신례초등학교 병설유치원,제주특별자치도 서귀포시 남원읍 중산간동로 7116,제주특별자치도 서귀포시 남원읍 신례리 822-1,33.28468832,126.6317123,제주특별자치도 자치경찰단 교통정보센터,제주서귀포경찰서,Y,,,2022-12-01
초등학교,안덕초등학교,제주특별자치도 서귀포시 안덕면 화순로56번길 32,제주특별자치도 서귀포시 안덕면 화순리 1290,33.25026576,126.3367729,제주특별자치도 자치경찰단 교통정보센터,제주서귀포경찰서,Y,,,2022-12-01
유치원,안덕초등학교 병설유치원,제주특별자치도 서귀포시 안덕면 화순로56번길 32,제주특별자치도 서귀포시 안덕면 화순리 1290,33.25026576,126.3367729,제주특별자치도 자치경찰단 교통정보센터,제주서귀포경찰서,Y,,,2022-12-01
초등학교,덕수초등학교,제주특별자치도 서귀포시 안덕면 덕수서로 10,제주특별자치도 서귀포시 안덕면 덕수리 2379-3,33.25195977,126.3042902,제주특별자치도 자치경찰단 교통정보센터,제주서귀포경찰서,Y,,,2022-12-01
초등학교,서호초등학교,제주특별자치도 서귀포시 신월동로30번길 8-7,제주특별자치도 서귀포시 서호동 1421-5,33.26409477,126.5094401,제주특별자치도 자치경찰단 교통정보센터,제주서귀포경찰서,N,,,2022-12-01
유치원,서호초등학교 병설유치원,제주특별자치도 서귀포시 신월동로30번길 8-7,제주특별자치도 서귀포시 서호동 1421-5,33.26409477,126.5094401,제주특별자치도 자치경찰단 교통정보센터,제주서귀포경찰서,N,,,2022-12-01
초등학교,태흥초등학교,제주특별자치도 서귀포시 남원읍 태위로 915,제주특별자치도 서귀포시 남원읍 태흥리 970-3,33.28622541,126.7434137,제주특별자치도 자치경찰단 교통정보센터,제주서귀포경찰서,Y,,,2022-12-01
유치원,태흥초등학교 병설유치원,제주특별자치도 서귀포시 남원읍 태위로 915,제주특별자치도 서귀포시 남원읍 태흥리 970-3,33.28622541,126.7434137,제주특별자치도 자치경찰단 교통정보센터,제주서귀포경찰서,Y,,,2022-12-01
초등학교,성산초등학교,제주특별자치도 서귀포시 성산읍 한도로 217,제주특별자치도 서귀포시 성산읍 성산리 333,33.4683629,126.931864,제주특별자치도 자치경찰단 교통정보센터,제주서귀포경찰서,Y,,,2022-12-01
유치원,성산초등학교 병설유치원,제주특별자치도 서귀포시 성산읍 한도로 217,제주특별자치도 서귀포시 성산읍 성산리 333,33.4683629,126.931864,제주특별자치도 자치경찰단 교통정보센터,제주서귀포경찰서,Y,,,2022-12-01
초등학교,동홍초등학교,제주특별자치도 서귀포시 동홍북로 17,제주특별자치도 서귀포시 동홍동 614-5,33.26064367,126.5697459,제주특별자치도 자치경찰단 교통정보센터,제주서귀포경찰서,Y,,,2022-12-01
초등학교,법환초등학교,제주특별자치도 서귀포시 이어도로 879,제주특별자치도 서귀포시 법환동 1244-3,33.23773943,126.5088334,제주특별자치도 자치경찰단 교통정보센터,제주서귀포경찰서,Y,,,2022-12-01
유치원,법환초등학교 병설유치원,제주특별자치도 서귀포시 이어도로 879,제주특별자치도 서귀포시 법환동 1244-3,33.23773943,126.5088334,제주특별자치도 자치경찰단 교통정보센터,제주서귀포경찰서,Y,,,2022-12-01
초등학교,보목초등학교,제주특별자치도 서귀포시 마소물로8번길 9,제주특별자치도 서귀포시 보목동 891,33.24504279,126.5996175,제주특별자치도 자치경찰단 교통정보센터,제주서귀포경찰서,Y,,,2022-12-01
유치원,보목초등학교 병설유치원,제주특별자치도 서귀포시 마소물로8번길 9,제주특별자치도 서귀포시 보목동 891,33.24504279,126.5996175,제주특별자치도 자치경찰단 교통정보센터,제주서귀포경찰서,Y,,,2022-12-01
초등학교,토평초등학교,제주특별자치도 서귀포시 토평로 43,제주특별자치도 서귀포시 토평동 1442-1,33.27038846,126.5890683,제주특별자치도 자치경찰단 교통정보센터,제주서귀포경찰서,Y,,,2022-12-01
유치원,토평초등학교 병설유치원,제주특별자치도 서귀포시 토평로 43,제주특별자치도 서귀포시 토평동 1442-1,33.27038846,126.5890683,제주특별자치도 자치경찰단 교통정보센터,제주서귀포경찰서,Y,,,2022-12-01
초등학교,풍천초등학교,제주특별자치도 서귀포시 성산읍 풍천로 18,제주특별자치도 서귀포시 성산읍 신천리 603,33.34927869,126.8501638,제주특별자치도 자치경찰단 교통정보센터,제주서귀포경찰서,Y,,,2022-12-01
유치원,풍천초등학교 병설유치원,제주특별자치도 서귀포시 성산읍 풍천로 18,제주특별자치도 서귀포시 성산읍 신천리 603,33.34927869,126.8501638,제주특별자치도 자치경찰단 교통정보센터,제주서귀포경찰서,Y,,,2022-12-01
유치원,성신유치원,제주특별자치도 서귀포시 성산읍 고성오조로 120,제주특별자치도 서귀포시 성산읍 오조리 61-19,33.45397374,126.9136181,제주특별자치도 자치경찰단 교통정보센터,제주서귀포경찰서,Y,,,2022-12-01
유치원,해성유치원,제주특별자치도 서귀포시 중앙로150번길 17,제주특별자치도 서귀포시 동홍동 1379,33.25990273,126.5611599,제주특별자치도 자치경찰단 교통정보센터,제주서귀포경찰서,N,,,2022-12-01
특수학교,서귀포온성학교,제주특별자치도 서귀포시 516로 447-10,제주특별자치도 서귀포시 상효동 1291-2,33.29104917,126.5930174,제주특별자치도 자치경찰단 교통정보센터,제주서귀포경찰서,N,,,2022-12-01
어린이집,아이사랑어린이집,제주특별자치도 서귀포시 대정읍 상모이교로 59,제주특별자치도 서귀포시 대정읍 상모리 2658-1,33.22651574,126.2714057,제주특별자치도 자치경찰단 교통정보센터,제주서귀포경찰서,Y,,,2022-12-01
어린이집,아이세상어린이집,제주특별자치도 서귀포시 대정읍 상모이교로 59,제주특별자치도 서귀포시 대정읍 상모리 2658-1,33.22651574,126.2714057,제주특별자치도 자치경찰단 교통정보센터,제주서귀포경찰서,Y,,,2022-12-01
어린이집,대정어린이집,제주특별자치도 서귀포시 대정읍 비행장로35번길 8,제주특별자치도 서귀포시 대정읍 상모리 4132-1,33.2205253,126.2570263,제주특별자치도 자치경찰단 교통정보센터,제주서귀포경찰서,Y,,,2022-12-01
어린이집,표선원광어린이집,제주특별자치도 서귀포시 표선면 표선관정로 81-8,제주특별자치도 서귀포시 표선면 표선리 721,33.32602749,126.8295629,제주특별자치도 자치경찰단 교통정보센터,제주서귀포경찰서,Y,,,2022-12-01
어린이집,한사랑어린이집,제주특별자치도 서귀포시 상효로 141,제주특별자치도 서귀포시 상효동 897,33.27170313,126.5967511,제주특별자치도 자치경찰단 교통정보센터,제주서귀포경찰서,N,,,2022-12-01
어린이집,에벤에셀어린이집,제주특별자치도 서귀포시 동홍로99번길 17,제주특별자치도 서귀포시 동홍동 531-3,33.25685796,126.5664913,제주특별자치도 자치경찰단 교통정보센터,제주서귀포경찰서,Y,,,2022-12-01
어린이집,동화나라어린이집,제주특별자치도 서귀포시 동홍동로 32,제주특별자치도 서귀포시 동홍동 78-3,33.25796607,126.5751383,제주특별자치도 자치경찰단 교통정보센터,제주서귀포경찰서,Y,,,2022-12-01
어린이집,은현어린이집,제주특별자치도 서귀포시 동홍중앙로52번길 33,제주특별자치도 서귀포시 동홍동 475-2,33.25551531,126.5756032,제주특별자치도 자치경찰단 교통정보센터,제주서귀포경찰서,Y,,,2022-12-01
어린이집,샘터어린이집,제주특별자치도 서귀포시 중산간동로 8178,제주특별자치도 서귀포시 서홍동 1780-1,33.26296348,126.5429139,제주특별자치도 자치경찰단 교통정보센터,제주서귀포경찰서,Y,,,2022-12-01
어린이집,토담어린이집,제주특별자치도 서귀포시 하논로 11,제주특별자치도 서귀포시 서홍동 1132-9,33.25368114,126.5479479,제주특별자치도 자치경찰단 교통정보센터,제주서귀포경찰서,Y,,,2022-12-01
어린이집,예사랑어린이집,제주특별자치도 서귀포시 서호상로 9,제주특별자치도 서귀포시 서호동 681,33.25823534,126.5205033,제주특별자치도 자치경찰단 교통정보센터,제주서귀포경찰서,Y,,,2022-12-01
어린이집,예일어린이집,제주특별자치도 서귀포시 중산간서로 20,제주특별자치도 서귀포시 강정동 108-10,33.26144561,126.5083192,제주특별자치도 자치경찰단 교통정보센터,제주서귀포경찰서,Y,,,2022-12-01
어린이집,동산밭어린이집,제주특별자치도 서귀포시 열리로 49,제주특별자치도 서귀포시 상예동 1192-3,33.24719995,126.3930531,제주특별자치도 자치경찰단 교통정보센터,제주서귀포경찰서,Y,,,2022-12-01
어린이집,슬기샘어린이집,제주특별자치도 서귀포시 중문상로69번길 8,제주특별자치도 서귀포시 중문동 1647-3,33.25449507,126.4256703,제주특별자치도 자치경찰단 교통정보센터,제주서귀포경찰서,Y,,,2022-12-01
어린이집,보목어린이집,제주특별자치도 서귀포시 보목로 85-2,제주특별자치도 서귀포시 보목동 711,33.24107413,126.6018278,제주특별자치도 자치경찰단 교통정보센터,제주서귀포경찰서,N,,,2022-12-01
어린이집,도순원광어린이집,제주특별자치도 서귀포시 일주서로 341,제주특별자치도 서귀포시 도순동 802-1,33.25229604,126.4719787,제주특별자치도 자치경찰단 교통정보센터,제주서귀포경찰서,Y,,,2022-12-01
초등학교,도순초등학교,제주특별자치도 서귀포시 도순남로 83,제주특별자치도 서귀포시 도순동 353-1,33.2475799,126.477227,제주특별자치도 자치경찰단 교통정보센터,제주서귀포경찰서,Y,,,2022-12-01
유치원,남원유치원,제주특별자치도 서귀포시 남원읍 남한로 27,제주특별자치도 서귀포시 남원읍 남원리 156,33.28169098,126.7169784,제주특별자치도 자치경찰단 교통정보센터,제주서귀포경찰서,Y,,,2022-12-01
유치원,예원유치원,제주특별자치도 서귀포시 동홍중앙로 28,제주특별자치도 서귀포시 동홍동 119-2,33.25314107,126.5719801,제주특별자치도 자치경찰단 교통정보센터,제주서귀포경찰서,Y,,,2022-12-01
초등학교,토산초등학교,제주특별자치도 서귀포시 표선면 토산중앙로 68-9,제주특별자치도 서귀포시 표선면 토산리 515,33.31257557,126.7772676,제주특별자치도 자치경찰단 교통정보센터,제주서귀포경찰서,Y,,,2022-12-01
유치원,토산초등학교 병설유치원,제주특별자치도 서귀포시 표선면 토산중앙로 68-9,제주특별자치도 서귀포시 표선면 토산리 515,33.31257557,126.7772676,제주특별자치도 자치경찰단 교통정보센터,제주서귀포경찰서,Y,,,2022-12-01
초등학교,가파초등학교,제주특별자치도 서귀포시 대정읍 가파로67번길 45,제주특별자치도 서귀포시 대정읍 가파리 464,33.16916683,126.2698834,제주특별자치도 자치경찰단 교통정보센터,제주서귀포경찰서,N,,,2022-12-01
유치원,가파초등학교 병설유치원,제주특별자치도 서귀포시 대정읍 가파로67번길 45,제주특별자치도 서귀포시 대정읍 가파리 464,33.16916683,126.2698834,제주특별자치도 자치경찰단 교통정보센터,제주서귀포경찰서,N,,,2022-12-01
유치원,성모유치원,제주특별자치도 서귀포시 안덕면 화순중앙로12번길 1,제주특별자치도 서귀포시 안덕면 화순리 1140-2,33.25014866,126.3342623,제주특별자치도 자치경찰단 교통정보센터,제주서귀포경찰서,Y,,,2022-12-01
어린이집,성산원광어린이집,제주특별자치도 서귀포시 성산읍 고성중앙로 76-5,제주특별자치도 서귀포시 성산읍 고성리 1090-2,33.44889962,126.9117812,제주특별자치도 자치경찰단 교통정보센터,제주서귀포경찰서,Y,,,2022-12-01
어린이집,은지어린이집,제주특별자치도 서귀포시 안덕면 일주서로 1870,제주특별자치도 서귀포시 안덕면 덕수리 628-1,33.25124097,126.3185316,제주특별자치도 자치경찰단 교통정보센터,제주서귀포경찰서,Y,,,2022-12-01
어린이집,서귀어린이집,제주특별자치도 서귀포시 중앙로41번길 10,제주특별자치도 서귀포시 서귀동 311-11,33.24818325,126.5605952,제주특별자치도 자치경찰단 교통정보센터,제주서귀포경찰서,Y,,,2022-12-01
어린이집,한울어린이집,제주특별자치도 서귀포시 서홍로 82,제주특별자치도 서귀포시 서홍동 1255-1,33.25524017,126.5534692,제주특별자치도 자치경찰단 교통정보센터,제주서귀포경찰서,Y,,,2022-12-01
어린이집,명성어린이집,제주특별자치도 서귀포시 중앙로 233,제주특별자치도 서귀포시 서홍동 211-2,33.26523649,126.5580532,제주특별자치도 자치경찰단 교통정보센터,제주서귀포경찰서,Y,,,2022-12-01
어린이집,서호어린이집,제주특별자치도 서귀포시 막동산로 16,제주특별자치도 서귀포시 서호동 352-1,33.25706294,126.5237598,제주특별자치도 자치경찰단 교통정보센터,제주서귀포경찰서,Y,,,2022-12-01
어린이집,법환어린이집,제주특별자치도 서귀포시 법환로71번길 10,제주특별자치도 서귀포시 강정동 445-4,33.23908982,126.5087448,제주특별자치도 자치경찰단 교통정보센터,제주서귀포경찰서,Y,,,2022-12-01
어린이집,에덴어린이집,제주특별자치도 서귀포시 대포복개로 71,제주특별자치도 서귀포시 대포동 1526-3,33.24501495,126.4335119,제주특별자치도 자치경찰단 교통정보센터,제주서귀포경찰서,Y,,,2022-12-01
어린이집,초록사과어린이집,제주특별자치도 서귀포시 천제연로207번길 21,제주특별자치도 서귀포시 중문동 1665-4,33.25365325,126.4269074,제주특별자치도 자치경찰단 교통정보센터,제주서귀포경찰서,Y,,,2022-12-01
어린이집,의귀어린이집,제주특별자치도 서귀포시 남원읍 한신로199번길 32,제주특별자치도 서귀포시 남원읍 의귀리 1522-1,33.31233722,126.7132532,제주특별자치도 자치경찰단 교통정보센터,제주서귀포경찰서,Y,,,2022-12-01
어린이집,표선어린이집,제주특별자치도 서귀포시 표선면 표선관정로 16,제주특별자치도 서귀포시 표선면 표선리 1664-2,33.32884264,126.8236819,제주특별자치도 자치경찰단 교통정보센터,제주서귀포경찰서,Y,,,2022-12-01
어린이집,남제주별어린이집,제주특별자치도 서귀포시 남원읍 남원체육관로 253,제주특별자치도 서귀포시 남원읍 남원리 1284-6,33.28016087,126.7124032,제주특별자치도 자치경찰단 교통정보센터,제주서귀포경찰서,Y,,,2022-12-01
어린이집,또또어린이집,제주특별자치도 서귀포시 중산간동로 8002,제주특별자치도 서귀포시 동홍동 1684,33.26534693,126.5606471,제주특별자치도 자치경찰단 교통정보센터,제주서귀포경찰서,Y,,,2022-12-01
어린이집,성읍어린이집,제주특별자치도 서귀포시 표선면 성읍민속로 55-18,제주특별자치도 서귀포시 표선면 성읍리 1028-2,33.38090843,126.7988326,제주특별자치도 자치경찰단 교통정보센터,제주서귀포경찰서,Y,,,2022-12-01
국제학교,KIS(한국국제학교),제주특별자치도 서귀포시 대정읍 글로벌에듀로260번길 8,제주특별자치도 서귀포시 대정읍 구억리 1126,33.28864617,126.2872199,제주특별자치도 자치경찰단 교통정보센터,제주서귀포경찰서,Y,,,2022-12-01
국제학교,NLCS JeJu(노스런던컬리지잇스쿨),제주특별자치도 서귀포시 대정읍 글로벌에듀로145번길 33,제주특별자치도 서귀포시 대정읍 구억리 1069,33.29684267,126.2918094,제주특별자치도 자치경찰단 교통정보센터,제주서귀포경찰서,Y,,,2022-12-01
국제학교,BHA(브랭섬홀아시아),제주특별자치도 서귀포시 대정읍 글로벌에듀로 234,제주특별자치도 서귀포시 대정읍 구억리 1121,33.28997179,126.2872649,제주특별자치도 자치경찰단 교통정보센터,제주서귀포경찰서,Y,,,2022-12-01
어린이집,무지개어린이집,제주특별자치도 서귀포시 516로 94,제주특별자치도 서귀포시 토평동 2319-1,33.26191486,126.5831095,제주특별자치도 자치경찰단 교통정보센터,제주서귀포경찰서,Y,,,2022-12-01
어린이집,동남어린이집,제주특별자치도 서귀포시 성산읍 고성오조로113번길 18,제주특별자치도 서귀포시 성산읍 고성리 1212-1,33.45309507,126.9118839,제주특별자치도 자치경찰단 교통정보센터,제주서귀포경찰서,N,,,2022-12-01
국제학교,세인트존스베리아카데미,제주특별자치도 서귀포시 대정읍 글로벌에듀로304번길 10,제주특별자치도 서귀포시 대정읍 구억리 1159,33.28529333,126.2843128,제주특별자치도 자치경찰단 교통정보센터,제주서귀포경찰서,Y,,,2022-12-01
어린이집,공립중흥S-클래스어린이집,제주특별자치도 서귀포시 대청로 12,제주특별자치도 서귀포시 강정동 195,33.25232429,126.5004883,제주특별자치도 자치경찰단 교통정보센터,제주서귀포경찰서,Y,,,2022-12-01
어린이집,꿈동산어린이집,제주특별자치도 서귀포시 남원읍 태위로20번길 22,제주특별자치도 서귀포시 남원읍 위미리 4183-9,33.27038304,126.6499605,제주특별자치도 자치경찰단 교통정보센터,제주서귀포경찰서,N,,,2022-12-01
어린이집,샘어린이집,제주특별자치도 서귀포시 대정읍 에듀시티로 84,제주특별자치도 서귀포시 대정읍 보성리 2410,33.28816873,126.2819973,제주특별자치도 자치경찰단 교통정보센터,제주서귀포경찰서,N,,,2022-12-01
