"주차장관리번호",주차장명,주차장구분,주차장유형,소재지도로명주소,소재지지번주소,주차구획수,급지구분,부제시행구분,운영요일,평일운영시작시각,평일운영종료시각,토요일운영시작시각,토요일운영종료시각,공휴일운영시작시각,공휴일운영종료시각,요금정보,주차기본시간,주차기본요금,추가단위시간,추가단위요금,1일주차권요금적용시간,1일주차권요금,월정기권요금,결제방법,특기사항,관리기관명,전화번호,위도,경도,데이터기준일자
405-1-000001,시청 앞 공영주차장,공영,노상,,"제주특별자치도 제주시 이도2동 1176-1,2",46,1,미시행,평일,09:00,18:00,00:00,00:00,00:00,00:00,유료,30,1000,15,500,,,,,,제주특별자치도 제주시청,,,,2023-04-13
405-1-000002,동문재래노상 공영주차장,공영,노상,,제주특별자치도 제주시 일도1동 1491-1,91,1,미시행,평일+토요일+공휴일,09:00,18:00,09:00,18:00,09:00,18:00,유료,30,1000,15,500,,,,,,제주특별자치도 제주시청,,,,2023-04-13
405-1-000003,도청 서측 공영주차장,공영,노상,,제주특별자치도 제주시 연동 312,29,1,미시행,평일,09:00,18:00,00:00,00:00,00:00,00:00,유료,30,1000,15,500,,,,,,제주특별자치도 제주시청,,,,2023-04-13
405-1-000004,노형오거리 공영주차장,공영,노상,,제주특별자치도 제주시 노형동 1297-5,102,1,미시행,평일,09:00,18:00,00:00,00:00,00:00,00:00,유료,30,1000,15,500,,,,,,제주특별자치도 제주시청,,,,2023-04-13
405-1-000005,산지로 공영주차장,공영,노상,,제주특별자치도 제주시 산지로,17,1,미시행,평일+토요일+공휴일,09:00,18:00,09:00,18:00,09:00,18:00,유료,30,1000,15,500,,,,,,제주특별자치도 제주시청,,,,2023-04-13
405-1-000006,원노형푸른 제2 공영주차장,공영,노상,,제주특별자치도 제주시 과원북4길,94,1,미시행,평일,09:00,18:00,00:00,00:00,00:00,00:00,유료,30,1000,15,500,,,,,,제주특별자치도 제주시청,,,,2023-04-13
405-1-000007,원노형10길 공영주차장,공영,노상,,제주특별자치도 제주시 노형동 952,13,1,미시행,평일,09:00,18:00,00:00,00:00,00:00,00:00,유료,30,1000,15,500,,,,,,제주특별자치도 제주시청,,,,2023-04-13
405-2-000008,동문공설 공영주차장,공영,노외,,제주특별자치도 제주시 일도1동 1103,275,1,미시행,평일+토요일+공휴일,09:00,22:00,09:00,22:00,09:00,22:00,유료,30,1000,15,500,,,,,,제주특별자치도 제주시청,,,,2023-04-13
405-2-000009,노형 제2 공영주차장,공영,노외,,제주특별자치도 제주시 노형동 1290-3,144,1,미시행,평일,09:00,18:00,00:00,00:00,00:00,00:00,유료,30,1000,15,500,,,,,,제주특별자치도 제주시청,,,,2023-04-13
405-2-000010,동문재래 공영주차장,공영,노외,,제주특별자치도 제주시 이도1동 1330-5,95,1,미시행,평일+토요일+공휴일,09:00,22:00,09:00,22:00,09:00,22:00,유료,30,1000,15,500,,,,,,제주특별자치도 제주시청,,,,2023-04-13
405-2-000011,법원 북측 공영주차장,공영,노외,,제주특별자치도 제주시 이도2동 1066,91,1,미시행,평일,09:00,18:00,00:00,00:00,00:00,00:00,유료,30,1000,15,500,,,,,,제주특별자치도 제주시청,,,,2023-04-13
405-2-000012,신제주 공영주차장,공영,노외,,제주특별자치도 제주시 연동 272-31,500,1,미시행,평일+토요일+공휴일,12:00,22:00,12:00,22:00,12:00,22:00,유료,30,1000,15,500,,,,,,제주특별자치도 제주시청,,,,2023-04-13
405-2-000013,인제 공영주차장,공영,노외,,제주특별자치도 제주시 일도2동 409-11,125,1,미시행,평일,12:00,21:00,00:00,00:00,00:00,00:00,유료,30,1000,15,500,,,,,,제주특별자치도 제주시청,,,,2023-04-13
405-2-000014,제일주차빌딩,공영,노외,,제주특별자치도 제주시 일도1동 1476-33,92,1,미시행,평일+토요일+공휴일,08:00,22:00,08:00,22:00,08:00,22:00,유료,30,1000,15,500,,,,,,제주특별자치도 제주시청,,,,2023-04-13
405-2-000015,칠성골 공영주차장,공영,노외,,제주특별자치도 제주시 삼도2동 1192-8,80,1,미시행,평일+토요일+공휴일,12:00,21:00,12:00,21:00,12:00,21:00,유료,30,1000,15,500,,,,,,제주특별자치도 제주시청,,,,2023-04-13
405-2-000016,이도2동 공영주차장,공영,노외,,제주특별자치도 제주시 이도2동 1052-2,150,1,미시행,평일,09:00,18:00,00:00,00:00,00:00,00:00,유료,30,1000,15,500,,,,,,제주특별자치도 제주시청,,,,2023-04-13
405-2-000017,북수구 공영주차장,공영,노외,,제주특별자치도 제주시 일도1동 1225 외 24필지,51,1,미시행,평일+토요일+공휴일,09:00,22:00,09:00,22:00,09:00,22:00,유료,30,1000,15,500,,,,,,제주특별자치도 제주시청,,,,2023-04-13
405-2-000018,산짓물 공영주차장,공영,노외,,제주특별자치도 제주시 건입동 1328 외 30필지,71,1,미시행,평일+토요일+공휴일,09:00,22:00,09:00,22:00,09:00,22:00,유료,30,1000,15,500,,,,,,제주특별자치도 제주시청,,,,2023-04-13
405-2-000019,노형 정존 공영주차장,공영,노외,,제주특별자치도 제주시 노형동 2612-2,161,1,미시행,평일,09:00,18:00,00:00,00:00,00:00,00:00,유료,30,1000,15,500,,,,,,제주특별자치도 제주시청,,,,2023-04-13
405-2-000020,도남 공영주차장,공영,노외,,제주특별자치도 제주시 도남동 574-3,122,1,미시행,평일,09:00,18:00,00:00,00:00,00:00,00:00,유료,30,1000,15,500,,,,,,제주특별자치도 제주시청,,,,2023-04-13
405-2-000021,외도동 제1 공영주차장,공영,노외,,제주특별자치도 제주시 외도1동 559-1,198,1,미시행,평일,09:00,18:00,00:00,00:00,00:00,00:00,유료,30,1000,15,500,,,,,,제주특별자치도 제주시청,,,,2023-04-13
405-2-000022,한림 상두거리 공영주차장,공영,노외,,제주특별자치도 제주시 한림리 1198-3·4,124,1,미시행,평일,09:00,18:00,00:00,00:00,00:00,00:00,유료,30,1000,15,500,,,,,,제주특별자치도 제주시청,,,,2023-04-13
405-2-000023,중앙로상점가 공영주차장,공영,노외,,제주특별자치도 제주시 이도1동 1492-1,69,1,미시행,평일,09:00,18:00,00:00,00:00,00:00,00:00,유료,30,1000,15,500,,,,,,제주특별자치도 제주시청,,,,2023-04-13
405-2-000024,아란길 공영주차장,공영,노외,,제주특별자치도 제주시 아라1동 6093-4,54,1,미시행,평일,09:00,18:00,00:00,00:00,00:00,00:00,유료,30,1000,15,500,,,,,,제주특별자치도 제주시청,,,,2023-04-13
405-2-000025,연화로 공영주차장,공영,노외,,제주특별자치도 제주시 연동 1519-2,98,1,미시행,평일,09:00,18:00,00:00,00:00,00:00,00:00,유료,30,1000,15,500,,,,,,제주특별자치도 제주시청,,,,2023-04-13
405-2-000026,고산동산 공영주차장,공영,노외,,제주특별자치도 제주시 이도이동 1012-10,50,1,미시행,평일,09:00,18:00,00:00,00:00,00:00,00:00,유료,30,1000,15,500,,,,,,제주특별자치도 제주시청,,,,2023-04-13
405-2-000027,공항입구 공영주차장,공영,노외,,제주특별자치도 제주시 용담2동 1611-2,210,1,미시행,평일,09:00,18:00,00:00,00:00,00:00,00:00,유료,30,1000,15,500,,,,,,제주특별자치도 제주시청,,,,2023-04-13
405-2-000028,광양초 서측 공영주차장,공영,노외,,제주특별자치도 제주시 이도1동 1257-4,45,1,미시행,평일,09:00,18:00,00:00,00:00,00:00,00:00,유료,30,1000,15,500,,,,,,제주특별자치도 제주시청,,,,2023-04-13
405-2-000029,성신로 공영주차장,공영,노외,,제주특별자치도 제주시 연동 2322-7,55,1,미시행,평일,09:00,18:00,00:00,00:00,00:00,00:00,유료,30,1000,15,500,,,,,,제주특별자치도 제주시청,,,,2023-04-13
405-2-000030,용두암 공영주차장,공영,노외,,제주특별자치도 제주시 용담2동 483,62,1,미시행,평일,09:00,18:00,00:00,00:00,00:00,00:00,유료,30,1000,15,500,,,,,,제주특별자치도 제주시청,,,,2023-04-13
405-2-000031,탑동 제1 공영주차장,공영,노외,,제주특별자치도 제주시 삼도이동 1263,66,1,미시행,평일,09:00,18:00,00:00,00:00,00:00,00:00,유료,30,1000,15,500,,,,,,제주특별자치도 제주시청,,,,2023-04-13
405-2-000032,탑동 제2 공영주차장,공영,노외,,제주특별자치도 제주시 삼도이동 1257,107,1,미시행,평일,09:00,18:00,00:00,00:00,00:00,00:00,유료,30,1000,15,500,,,,,,제주특별자치도 제주시청,,,,2023-04-13
405-2-000033,관덕정 서측 공영주차장,공영,노외,,제주특별자치도 제주시 삼도이동 1024,36,1,미시행,평일,09:00,18:00,00:00,00:00,00:00,00:00,유료,30,1000,15,500,,,,,,제주특별자치도 제주시청,,,,2023-04-13
405-2-000034,노형 제1 공영주차장,공영,노외,,제주특별자치도 제주시 노형동 1282-1,64,1,미시행,평일,09:00,18:00,00:00,00:00,00:00,00:00,유료,30,1000,15,500,,,,,,제주특별자치도 제주시청,,,,2023-04-13
405-2-000035,노형 제3 공영주차장,공영,노외,,제주특별자치도 제주시 노형동 1043-1,45,1,미시행,평일,09:00,18:00,00:00,00:00,00:00,00:00,유료,30,1000,15,500,,,,,,제주특별자치도 제주시청,,,,2023-04-13
405-2-000036,노형 제4 공영주차장,공영,노외,,제주특별자치도 제주시 노형동 2580-1,46,1,미시행,평일,09:00,18:00,00:00,00:00,00:00,00:00,유료,30,1000,15,500,,,,,,제주특별자치도 제주시청,,,,2023-04-13
405-2-000037,성내 공영주차장,공영,노외,,제주특별자치도 제주시 삼도2동 839,41,1,미시행,평일,09:00,18:00,00:00,00:00,00:00,00:00,유료,30,1000,15,500,,,,,,제주특별자치도 제주시청,,,,2023-04-13
405-2-000038,모로왓 제1 공영주차장,공영,노외,,"제주특별자치도 제주시 일도2동 488-1,2",121,1,미시행,평일,09:00,18:00,00:00,00:00,00:00,00:00,유료,30,1000,15,500,,,,,,제주특별자치도 제주시청,,,,2023-04-13
405-2-000039,모로왓 제2 공영주차장,공영,노외,,"제주특별자치도 제주시 일도2동 510,511",150,1,미시행,평일,09:00,18:00,00:00,00:00,00:00,00:00,유료,30,1000,15,500,,,,,,제주특별자치도 제주시청,,,,2023-04-13
405-2-000040,웅전 공영주차장,공영,노외,,"제주특별자치도 제주시 노형동 2517-1,2",62,1,미시행,평일,09:00,18:00,00:00,00:00,00:00,00:00,유료,30,1000,15,500,,,,,,제주특별자치도 제주시청,,,,2023-04-13
405-2-000041,종남 공영주차장,공영,노외,,"제주특별자치도 제주시 노형동 2512-1,2",60,1,미시행,평일,09:00,18:00,00:00,00:00,00:00,00:00,유료,30,1000,15,500,,,,,,제주특별자치도 제주시청,,,,2023-04-13
405-2-000042,수덕 공영주차장,공영,노외,,제주특별자치도 제주시 노형동 2534-3,48,1,미시행,평일,09:00,18:00,00:00,00:00,00:00,00:00,유료,30,1000,15,500,,,,,,제주특별자치도 제주시청,,,,2023-04-13
405-2-000043,서가름 공영주차장,공영,노외,,제주특별자치도 제주시 노형동 2575-1,40,1,미시행,평일,09:00,18:00,00:00,00:00,00:00,00:00,유료,30,1000,15,500,,,,,,제주특별자치도 제주시청,,,,2023-04-13
405-2-000044,초남 공영주차장,공영,노외,,제주특별자치도 제주시 노형동 3782,65,1,미시행,평일,09:00,18:00,00:00,00:00,00:00,00:00,유료,30,1000,15,500,,,,,,제주특별자치도 제주시청,,,,2023-04-13
405-2-000045,원노형 푸른 제1 공영주차장,공영,노외,,제주특별자치도 제주시 노형동 710-4,40,1,미시행,평일,09:00,18:00,00:00,00:00,00:00,00:00,유료,30,1000,15,500,,,,,,제주특별자치도 제주시청,,,,2023-04-13
405-2-000046,원노형 푸른 제3 공영주차장,공영,노외,,"제주특별자치도 제주시 노형동 740-2,3",44,1,미시행,평일,09:00,18:00,00:00,00:00,00:00,00:00,유료,30,1000,15,500,,,,,,제주특별자치도 제주시청,,,,2023-04-13
405-2-000047,원노형 푸른 제4 공영주차장,공영,노외,,제주특별자치도 제주시 노형동 751,33,1,미시행,평일,09:00,18:00,00:00,00:00,00:00,00:00,유료,30,1000,15,500,,,,,,제주특별자치도 제주시청,,,,2023-04-13
405-2-000048,원노형 푸른 제5 공영주차장,공영,노외,,제주특별자치도 제주시 노형동 736,41,1,미시행,평일,09:00,18:00,00:00,00:00,00:00,00:00,유료,30,1000,15,500,,,,,,제주특별자치도 제주시청,,,,2023-04-13
405-2-000049,연동 국기로 제1 공영주차장,공영,노외,,제주특별자치도 제주시 연동 1517,26,1,미시행,평일,09:00,18:00,00:00,00:00,00:00,00:00,유료,30,1000,15,500,,,,,,제주특별자치도 제주시청,,,,2023-04-13
405-2-000050,연동 국기로 제2 공영주차장,공영,노외,,제주특별자치도 제주시 연동 1499,28,1,미시행,평일,09:00,18:00,00:00,00:00,00:00,00:00,유료,30,1000,15,500,,,,,,제주특별자치도 제주시청,,,,2023-04-13
405-2-000051,신성로 10길 공영주차장,공영,노외,,제주특별자치도 제주시 도남동 87-8,171,1,미시행,평일,09:00,18:00,00:00,00:00,00:00,00:00,유료,30,1000,15,500,,,,,,제주특별자치도 제주시청,,,,2023-04-13
405-2-000052,이도2동 중앙 공영주차장,공영,노외,,제주특별자치도 제주시 이도2동 1982-15·17,33,1,미시행,평일,09:00,18:00,00:00,00:00,00:00,00:00,유료,30,1000,15,500,,,,,,제주특별자치도 제주시청,,,,2023-04-13
405-2-000053,연동 도령북길 공영주차장,공영,노외,,제주특별자치도 제주시 연동 2305-7,26,1,미시행,평일,09:00,18:00,00:00,00:00,00:00,00:00,유료,30,1000,15,500,,,,,,제주특별자치도 제주시청,,,,2023-04-13
405-2-000054,오복1길 공영주차장,공영,노외,,제주특별자치도 제주시 이도2동 1035-4,36,1,미시행,평일,09:00,18:00,00:00,00:00,00:00,00:00,유료,30,1000,15,500,,,,,,제주특별자치도 제주시청,,,,2023-04-13
405-2-000055,도남로 15길 공영주차장,공영,노외,,제주특별자치도 제주시 도남로 65-3,35,1,미시행,평일,09:00,18:00,00:00,00:00,00:00,00:00,유료,30,1000,15,500,,,,,,제주특별자치도 제주시청,,,,2023-04-13
405-2-000056,아라 신설로4길 제1 공영주차장,공영,노외,,제주특별자치도 제주시 아라2동 3002-1,20,1,미시행,평일,09:00,18:00,00:00,00:00,00:00,00:00,유료,30,1000,15,500,,,,,,제주특별자치도 제주시청,,,,2023-04-13
405-2-000057,아라 신설로4길 제2 공영주차장,공영,노외,,제주특별자치도 제주시 아라2동 3002-9,17,1,미시행,평일,09:00,18:00,00:00,00:00,00:00,00:00,유료,30,1000,15,500,,,,,,제주특별자치도 제주시청,,,,2023-04-13
405-2-000058,도련 공영주차장,공영,노외,,제주특별자치도 제주시 도련1동 1642,60,1,미시행,평일,09:00,18:00,00:00,00:00,00:00,00:00,유료,30,1000,15,500,,,,,,제주특별자치도 제주시청,,,,2023-04-13
405-2-000059,남광북1길 공영주차장,공영,노외,,제주특별자치도 제주시 이도2동 1063-12,19,1,미시행,평일,09:00,18:00,00:00,00:00,00:00,00:00,유료,30,1000,15,500,,,,,,제주특별자치도 제주시청,,,,2023-04-13
405-2-000060,아라동 주민센터 공영주차장,공영,노외,,제주특별자치도 제주시 아라1동 6103-6,37,1,미시행,평일,09:00,18:00,00:00,00:00,00:00,00:00,유료,30,1000,15,500,,,,,,제주특별자치도 제주시청,,,,2023-04-13
405-2-000061,도남동 664-6 공영주차장,공영,노외,,제주특별자치도 제주시 도남동 664-6,30,1,미시행,평일,09:00,18:00,00:00,00:00,00:00,00:00,유료,30,1000,15,500,,,,,,제주특별자치도 제주시청,,,,2023-04-13
405-2-000062,아라1동 6111 공영주차장,공영,노외,,제주특별자치도 제주시 아라1동 6111,41,1,미시행,평일,09:00,18:00,00:00,00:00,00:00,00:00,유료,30,1000,15,500,,,,,,제주특별자치도 제주시청,,,,2023-04-13
405-2-000063,삼도1동 560-2 공영주차장,공영,노외,,제주특별자치도 제주시 삼도1동 560-2,33,1,미시행,평일,09:00,18:00,00:00,00:00,00:00,00:00,유료,30,1000,15,500,,,,,,제주특별자치도 제주시청,,,,2023-04-13
405-2-000064,이도1동 1696-9 공영주차장,공영,노외,,제주특별자치도 제주시 이도1동 1696-9,12,1,미시행,평일,09:00,18:00,00:00,00:00,00:00,00:00,유료,30,1000,15,500,,,,,,제주특별자치도 제주시청,,,,2023-04-13
405-2-000065,용담로18길 공영주차장,공영,노외,,제주특별자치도 제주시 용담1동 244-10,7,1,미시행,평일,09:00,18:00,00:00,00:00,00:00,00:00,유료,30,1000,15,500,,,,,,제주특별자치도 제주시청,,,,2023-04-13
405-2-000066,용화마을 공영주차장,공영,노외,,제주특별자치도 제주시 용담2동 655-2,28,1,미시행,평일,09:00,18:00,00:00,00:00,00:00,00:00,유료,30,1000,15,500,,,,,,제주특별자치도 제주시청,,,,2023-04-13
405-2-000067,이도2동 1999-1 공영주차장,공영,노외,,제주특별자치도 제주시 이도2동 1999-1,23,1,미시행,평일,09:00,18:00,00:00,00:00,00:00,00:00,유료,30,1000,15,500,,,,,,제주특별자치도 제주시청,,,,2023-04-13
405-2-000068,이도2동 2008-1 공영주차장,공영,노외,,제주특별자치도 제주시 이도2동 2008-1,30,1,미시행,평일,09:00,18:00,00:00,00:00,00:00,00:00,유료,30,1000,15,500,,,,,,제주특별자치도 제주시청,,,,2023-04-13
405-2-000069,이도2동 2017-1 공영주차장,공영,노외,,제주특별자치도 제주시 이도2동 2017-1,30,1,미시행,평일,09:00,18:00,00:00,00:00,00:00,00:00,유료,30,1000,15,500,,,,,,제주특별자치도 제주시청,,,,2023-04-13
405-2-000070,삼도1동 500-14 공영주차장,공영,노외,,제주특별자치도 제주시 삼도1동 500-14,30,1,미시행,평일,09:00,18:00,00:00,00:00,00:00,00:00,유료,30,1000,15,500,,,,,,제주특별자치도 제주시청,,,,2023-04-13
405-2-000071,병문천 공영주차장,공영,노외,,제주특별자치도 제주시 삼도2동 1227-7,57,1,미시행,평일,09:00,19:00,00:00,00:00,00:00,00:00,유료,30,1000,15,500,,,,,,제주특별자치도 제주시청,,,,2023-04-13
405-2-000072,칠성상가1 공영주차장,공영,노외,,제주특별자치도 제주시 일도1동 1476-1,19,1,미시행,평일,10:00,21:00,00:00,00:00,00:00,00:00,유료,30,1000,15,500,,,,,,제주특별자치도 제주시청,,,,2023-04-13
405-2-000073,칠성상가2 공영주차장,공영,노외,,제주특별자치도 제주시 일도1동 1401-13,14,1,미시행,평일,10:00,20:00,00:00,00:00,00:00,00:00,유료,30,1000,15,500,,,,,,제주특별자치도 제주시청,,,,2023-04-13
405-2-000074,동문수산시장 공영주차장,공영,노외,,제주특별자치도 제주시 이도1동 1348-1,21,1,미시행,평일,09:00,18:00,00:00,00:00,00:00,00:00,유료,30,1000,15,500,,,,,,제주특별자치도 제주시청,,,,2023-04-13
405-2-000075,월랑마을 제1 공영주차장,공영,노외,,제주특별자치도 제주시 노형동 1289-4,26,1,미시행,평일,09:00,18:00,00:00,00:00,00:00,00:00,유료,30,1000,15,500,,,,,,제주특별자치도 제주시청,,,,2023-04-13
405-2-000076,월랑마을 제2 공영주차장,공영,노외,,제주특별자치도 제주시 노형동 1280-4,16,1,미시행,평일,09:00,18:00,00:00,00:00,00:00,00:00,유료,30,1000,15,500,,,,,,제주특별자치도 제주시청,,,,2023-04-13
405-2-000077,노형로 공영주차장,공영,노외,,제주특별자치도 제주시 노형동 3780,41,1,미시행,평일,09:00,18:00,00:00,00:00,00:00,00:00,유료,30,1000,15,500,,,,,,제주특별자치도 제주시청,,,,2023-04-13
405-2-000078,노형동 3792 공영주차장,공영,노외,,제주특별자치도 제주시 노형동 3792,13,1,미시행,평일,09:00,18:00,00:00,00:00,00:00,00:00,유료,30,1000,15,500,,,,,,제주특별자치도 제주시청,,,,2023-04-13
405-2-000079,일도2동 1032-4 공영주차장,공영,노외,,"제주특별자치도 제주시 일도2동 1032-4,5",24,1,미시행,평일,09:00,18:00,00:00,00:00,00:00,00:00,유료,30,1000,15,500,,,,,,제주특별자치도 제주시청,,,,2023-04-13
405-2-000080,노형동 726-3 공영주차장,공영,노외,,제주특별자치도 제주시 노형동 726-3,18,1,미시행,평일,09:00,18:00,00:00,00:00,00:00,00:00,유료,30,1000,15,500,,,,,,제주특별자치도 제주시청,,,,2023-04-13
405-2-000081,오라1동2440-12 공영주차장,공영,노외,,제주특별자치도 제주시 오라1동 2440-12,15,1,미시행,평일,09:00,18:00,00:00,00:00,00:00,00:00,유료,30,1000,15,500,,,,,,제주특별자치도 제주시청,,,,2023-04-13
405-2-000082,도남동748-15 공영주차장,공영,노외,,제주특별자치도 제주시 도남동 748-15,11,1,미시행,평일,09:00,18:00,00:00,00:00,00:00,00:00,유료,30,1000,15,500,,,,,,제주특별자치도 제주시청,,,,2023-04-13
405-2-000083,삼양1동1547-10 공영주차장,공영,노외,,제주특별자치도 제주시 삼양1동 1547-10,18,1,미시행,평일,09:00,18:00,00:00,00:00,00:00,00:00,유료,30,1000,15,500,,,,,,제주특별자치도 제주시청,,,,2023-04-13
405-2-000084,무근성 공영주차장,공영,노외,,제주특별자치도 제주시 삼도2동 1159-9,39,1,미시행,평일,09:00,18:00,00:00,00:00,00:00,00:00,유료,30,1000,15,500,,,,,,제주특별자치도 제주시청,,,,2023-04-13
405-2-000085,용담2동 774-5 공영주차장,공영,노외,,제주특별자치도 제주시 용담2동 774-5,27,1,미시행,평일,09:00,18:00,00:00,00:00,00:00,00:00,유료,30,1000,15,500,,,,,,제주특별자치도 제주시청,,,,2023-04-13
405-2-000086,연동 1458-2 공영주차장,공영,노외,,제주특별자치도 제주시 연동 1458-2,19,1,미시행,평일,09:00,18:00,00:00,00:00,00:00,00:00,유료,30,1000,15,500,,,,,,제주특별자치도 제주시청,,,,2023-04-13
405-2-000087,노형동 2589-1 공영주차장,공영,노외,,제주특별자치도 제주시 노형동 2589-1,26,1,미시행,평일,09:00,18:00,00:00,00:00,00:00,00:00,유료,30,1000,15,500,,,,,,제주특별자치도 제주시청,,,,2023-04-13
405-2-000088,노형동 2595-7 공영주차장,공영,노외,,제주특별자치도 제주시 노형동 2595-7,35,1,미시행,평일,09:00,18:00,00:00,00:00,00:00,00:00,유료,30,1000,15,500,,,,,,제주특별자치도 제주시청,,,,2023-04-13
405-2-000089,노형동 3812-3 공영주차장,공영,노외,,제주특별자치도 제주시 노형동 3812-3,47,1,미시행,평일,09:00,18:00,00:00,00:00,00:00,00:00,유료,30,1000,15,500,,,,,,제주특별자치도 제주시청,,,,2023-04-13
405-2-000090,일도2동 공작물 공영주차장,공영,노외,,제주특별자치도 제주시 일도2동 1036-6,32,1,미시행,평일+토요일+공휴일,00:00,23:59,00:00,23:59,00:00,23:59,무료,0,0,0,0,,,,,,제주특별자치도 제주시청,,,,2023-04-13
405-2-000091,민속오일시장 공영주차장,공영,노외,,제주특별자치도 제주시 도두1동 1212,271,1,미시행,평일+토요일+공휴일,00:00,23:59,00:00,23:59,00:00,23:59,무료,0,0,0,0,,,,,,제주특별자치도 제주시청,,,,2023-04-13
405-2-000092,외도동 다목적문화센터 공영주차장,공영,노외,,제주특별자치도 제주시 외도1동 530-4,71,1,미시행,평일+토요일+공휴일,00:00,23:59,00:00,23:59,00:00,23:59,무료,0,0,0,0,,,,,,제주특별자치도 제주시청,,,,2023-04-13
405-2-000093,시민회관 남측 공영주차장,공영,노외,,제주특별자치도 제주시 이도1동 1704-6,46,1,미시행,평일+토요일+공휴일,00:00,23:59,00:00,23:59,00:00,23:59,무료,0,0,0,0,,,,,,제주특별자치도 제주시청,,,,2023-04-13
405-2-000094,동광 공영주차장,공영,노외,,제주특별자치도 제주시 일도2동 82-8,81,1,미시행,평일+토요일+공휴일,00:00,23:59,00:00,23:59,00:00,23:59,무료,0,0,0,0,,,,,,제주특별자치도 제주시청,,,,2023-04-13
405-2-000095,노형 제5 공영주차장,공영,노외,,제주특별자치도 제주시 노형동 3793,141,1,미시행,평일+토요일+공휴일,00:00,23:59,00:00,23:59,00:00,23:59,무료,0,0,0,0,,,,,,제주특별자치도 제주시청,,,,2023-04-13
405-2-000096,정든로 공영주차장,공영,노외,,제주특별자치도 제주시 이도2동 429-7,62,1,미시행,평일+토요일+공휴일,00:00,23:59,00:00,23:59,00:00,23:59,무료,0,0,0,0,,,,,,제주특별자치도 제주시청,,,,2023-04-13
405-2-000097,도두매립 1 공영주차장,공영,노외,,제주특별자치도 제주시 도두1동 2630,34,1,미시행,평일+토요일+공휴일,00:00,23:59,00:00,23:59,00:00,23:59,무료,0,0,0,0,,,,,,제주특별자치도 제주시청,,,,2023-04-13
405-2-000098,도두매립 2 공영주차장,공영,노외,,제주특별자치도 제주시 도두1동 2618-1,29,1,미시행,평일+토요일+공휴일,00:00,23:59,00:00,23:59,00:00,23:59,무료,0,0,0,0,,,,,,제주특별자치도 제주시청,,,,2023-04-13
405-2-000099,버스회차지 공영주차장,공영,노외,,제주특별자치도 제주시 삼양1동 1579-1,14,1,미시행,평일+토요일+공휴일,00:00,23:59,00:00,23:59,00:00,23:59,무료,0,0,0,0,,,,,,제주특별자치도 제주시청,,,,2023-04-13
405-2-000100,비치조아 맞은편 공영주차장,공영,노외,,제주특별자치도 제주시 삼양1동 1598-2,38,1,미시행,평일+토요일+공휴일,00:00,23:59,00:00,23:59,00:00,23:59,무료,0,0,0,0,,,,,,제주특별자치도 제주시청,,,,2023-04-13
405-2-000101,삼부장미아파트 남측 공영주차장,공영,노외,,제주특별자치도 제주시 삼양1동 1628-7,52,1,미시행,평일+토요일+공휴일,00:00,23:59,00:00,23:59,00:00,23:59,무료,0,0,0,0,,,,,,제주특별자치도 제주시청,,,,2023-04-13
405-2-000102,해수사우나 동측 공영주차장,공영,노외,,제주특별자치도 제주시 삼양1동 1657-8,104,1,미시행,평일+토요일+공휴일,00:00,23:59,00:00,23:59,00:00,23:59,무료,0,0,0,0,,,,,,제주특별자치도 제주시청,,,,2023-04-13
405-2-000103,동명아파트 북측 공영주차장,공영,노외,,제주특별자치도 제주시 삼양2동 2133-5,75,1,미시행,평일+토요일+공휴일,00:00,23:59,00:00,23:59,00:00,23:59,무료,0,0,0,0,,,,,,제주특별자치도 제주시청,,,,2023-04-13
405-2-000104,한샘어린이집 맞은편 공영주차장,공영,노외,,제주특별자치도 제주시 삼양2동 2176-13,79,1,미시행,평일+토요일+공휴일,00:00,23:59,00:00,23:59,00:00,23:59,무료,0,0,0,0,,,,,,제주특별자치도 제주시청,,,,2023-04-13
405-2-000105,삼양농협 옆 공영주차장,공영,노외,,제주특별자치도 제주시 삼양2동 2135-10,25,1,미시행,평일+토요일+공휴일,00:00,23:59,00:00,23:59,00:00,23:59,무료,0,0,0,0,,,,,,제주특별자치도 제주시청,,,,2023-04-13
405-2-000106,한전아파트 동측 공영주차장,공영,노외,,제주특별자치도 제주시 삼양1동 1592-2,40,1,미시행,평일+토요일+공휴일,00:00,23:59,00:00,23:59,00:00,23:59,무료,0,0,0,0,,,,,,제주특별자치도 제주시청,,,,2023-04-13
405-2-000107,용담 성화지구 공영주차장,공영,노외,,제주특별자치도 제주시 용담2동 928-31,4,1,미시행,평일+토요일+공휴일,00:00,23:59,00:00,23:59,00:00,23:59,무료,0,0,0,0,,,,,,제주특별자치도 제주시청,,,,2023-04-13
405-2-000108,용담 성화지구 공영주차장,공영,노외,,제주특별자치도 제주시 용담2동 928-89,4,1,미시행,평일+토요일+공휴일,00:00,23:59,00:00,23:59,00:00,23:59,무료,0,0,0,0,,,,,,제주특별자치도 제주시청,,,,2023-04-13
405-2-000109,용마복지회관남측 공영주차장,공영,노외,,제주특별자치도 제주시 용담3동 519-12,12,1,미시행,평일+토요일+공휴일,00:00,23:59,00:00,23:59,00:00,23:59,무료,0,0,0,0,,,,,,제주특별자치도 제주시청,,,,2023-04-13
405-2-000110,어영마을회관 서측 공영주차장,공영,노외,,제주특별자치도 제주시 용담3동 2396-1,10,1,미시행,평일+토요일+공휴일,00:00,23:59,00:00,23:59,00:00,23:59,무료,0,0,0,0,,,,,,제주특별자치도 제주시청,,,,2023-04-13
405-2-000111,서문파출소 서측 공영주차장,공영,노외,,제주특별자치도 제주시 용담2동 2686-7,3,1,미시행,평일+토요일+공휴일,00:00,23:59,00:00,23:59,00:00,23:59,무료,0,0,0,0,,,,,,제주특별자치도 제주시청,,,,2023-04-13
405-2-000112,삼도남문2 공영주차장,공영,노외,,제주특별자치도 제주시 삼도2동 807-1,4,1,미시행,평일+토요일+공휴일,00:00,23:59,00:00,23:59,00:00,23:59,무료,0,0,0,0,,,,,,제주특별자치도 제주시청,,,,2023-04-13
405-2-000113,삼도남문3 공영주차장,공영,노외,,"제주특별자치도 제주시 삼도2동 807-3,16",4,1,미시행,평일+토요일+공휴일,00:00,23:59,00:00,23:59,00:00,23:59,무료,0,0,0,0,,,,,,제주특별자치도 제주시청,,,,2023-04-13
405-2-000114,삼도무근성1 공영주차장,공영,노외,,"제주특별자치도 제주시 삼도2동 1158-99,101",2,1,미시행,평일+토요일+공휴일,00:00,23:59,00:00,23:59,00:00,23:59,무료,0,0,0,0,,,,,,제주특별자치도 제주시청,,,,2023-04-13
405-2-000115,삼도무근성2 공영주차장,공영,노외,,제주특별자치도 제주시 삼도2동 1158-33,3,1,미시행,평일+토요일+공휴일,00:00,23:59,00:00,23:59,00:00,23:59,무료,0,0,0,0,,,,,,제주특별자치도 제주시청,,,,2023-04-13
405-2-000116,삼성아파트앞 공영주차장,공영,노외,,제주특별자치도 제주시 이도1동 1554-1,5,1,미시행,평일+토요일+공휴일,00:00,23:59,00:00,23:59,00:00,23:59,무료,0,0,0,0,,,,,,제주특별자치도 제주시청,,,,2023-04-13
405-2-000117,성지주차장 공영주차장,공영,노외,,제주특별자치도 제주시 이도1동 1502-2,16,1,미시행,평일+토요일+공휴일,00:00,23:59,00:00,23:59,00:00,23:59,무료,0,0,0,0,,,,,,제주특별자치도 제주시청,,,,2023-04-13
405-2-000118,도남초등학교 동측 공영주차장,공영,노외,,제주특별자치도 제주시 도남동 57-3,27,1,미시행,평일+토요일+공휴일,00:00,23:59,00:00,23:59,00:00,23:59,무료,0,0,0,0,,,,,,제주특별자치도 제주시청,,,,2023-04-13
405-2-000119,이도주공남측 공영주차장,공영,노외,,제주특별자치도 제주시 이도2동 1028-1,19,1,미시행,평일+토요일+공휴일,00:00,23:59,00:00,23:59,00:00,23:59,무료,0,0,0,0,,,,,,제주특별자치도 제주시청,,,,2023-04-13
405-2-000120,노동사무소 서측 공영주차장,공영,노외,,제주특별자치도 제주시 이도2동 425,25,1,미시행,평일+토요일+공휴일,00:00,23:59,00:00,23:59,00:00,23:59,무료,0,0,0,0,,,,,,제주특별자치도 제주시청,,,,2023-04-13
405-2-000121,시민복지타운 공영주차장,공영,노외,,제주특별자치도 제주시 도남동 689-7,20,1,미시행,평일+토요일+공휴일,00:00,23:59,00:00,23:59,00:00,23:59,무료,0,0,0,0,,,,,,제주특별자치도 제주시청,,,,2023-04-13
405-2-000122,시민복지타운 공영주차장,공영,노외,,제주특별자치도 제주시 도남동 742-1,32,1,미시행,평일+토요일+공휴일,00:00,23:59,00:00,23:59,00:00,23:59,무료,0,0,0,0,,,,,,제주특별자치도 제주시청,,,,2023-04-13
405-2-000123,시민복지타운 공영주차장,공영,노외,,제주특별자치도 제주시 도남동 703-8,8,1,미시행,평일+토요일+공휴일,00:00,23:59,00:00,23:59,00:00,23:59,무료,0,0,0,0,,,,,,제주특별자치도 제주시청,,,,2023-04-13
405-2-000124,시민복지타운 공영주차장,공영,노외,,제주특별자치도 제주시 도남동 705-14,8,1,미시행,평일+토요일+공휴일,00:00,23:59,00:00,23:59,00:00,23:59,무료,0,0,0,0,,,,,,제주특별자치도 제주시청,,,,2023-04-13
405-2-000125,시민복지타운 공영주차장,공영,노외,,제주특별자치도 제주시 도남동 735-1,24,1,미시행,평일+토요일+공휴일,00:00,23:59,00:00,23:59,00:00,23:59,무료,0,0,0,0,,,,,,제주특별자치도 제주시청,,,,2023-04-13
405-2-000126,시민복지타운 공영주차장,공영,노외,,제주특별자치도 제주시 도남동 769-9,21,1,미시행,평일+토요일+공휴일,00:00,23:59,00:00,23:59,00:00,23:59,무료,0,0,0,0,,,,,,제주특별자치도 제주시청,,,,2023-04-13
405-2-000127,시민복지타운 공영주차장,공영,노외,,제주특별자치도 제주시 도남동 755-1,34,1,미시행,평일+토요일+공휴일,00:00,23:59,00:00,23:59,00:00,23:59,무료,0,0,0,0,,,,,,제주특별자치도 제주시청,,,,2023-04-13
405-2-000128,시민복지타운 공영주차장,공영,노외,,제주특별자치도 제주시 도남동 748-8,17,1,미시행,평일+토요일+공휴일,00:00,23:59,00:00,23:59,00:00,23:59,무료,0,0,0,0,,,,,,제주특별자치도 제주시청,,,,2023-04-13
405-2-000129,서문시장1(서문시장길147부근),공영,노외,,제주특별자치도 제주시 용담1동 137-54외6,6,1,미시행,평일+토요일+공휴일,00:00,23:59,00:00,23:59,00:00,23:59,무료,0,0,0,0,,,,,,제주특별자치도 제주시청,,,,2023-04-13
405-2-000130,서문시장2(용대1로10 부근),공영,노외,,제주특별자치도 제주시 용담1동 292-10,5,1,미시행,평일+토요일+공휴일,00:00,23:59,00:00,23:59,00:00,23:59,무료,0,0,0,0,,,,,,제주특별자치도 제주시청,,,,2023-04-13
405-2-000131,서문시장3(서문시장서로3 부근),공영,노외,,"제주특별자치도 제주시 용담1동 295-40,295-49",8,1,미시행,평일+토요일+공휴일,00:00,23:59,00:00,23:59,00:00,23:59,무료,0,0,0,0,,,,,,제주특별자치도 제주시청,,,,2023-04-13
405-2-000132,서문시장4(용대3로22 부근),공영,노외,,제주특별자치도 제주시 용담1동 220-10,4,1,미시행,평일+토요일+공휴일,00:00,23:59,00:00,23:59,00:00,23:59,무료,0,0,0,0,,,,,,제주특별자치도 제주시청,,,,2023-04-13
405-2-000133,서문시장6(용대3로15 부근),공영,노외,,제주특별자치도 제주시 용담1동 220-16,5,1,미시행,평일+토요일+공휴일,00:00,23:59,00:00,23:59,00:00,23:59,무료,0,0,0,0,,,,,,제주특별자치도 제주시청,,,,2023-04-13
405-2-000134,연동공원 동측(씨티호텔 서쪽),공영,노외,,제주특별자치도 제주시 연동 299-13,33,1,미시행,평일+토요일+공휴일,00:00,23:59,00:00,23:59,00:00,23:59,무료,0,0,0,0,,,,,,제주특별자치도 제주시청,,,,2023-04-13
405-2-000135,연동택지개발지구(대림APT동측),공영,노외,,제주특별자치도 제주시 연동 1504,18,1,미시행,평일+토요일+공휴일,00:00,23:59,00:00,23:59,00:00,23:59,무료,0,0,0,0,,,,,,제주특별자치도 제주시청,,,,2023-04-13
405-2-000136,신광초등학교서측 공영주차장,공영,노외,,제주특별자치도 제주시 연동 1957-1,4,1,미시행,평일+토요일+공휴일,00:00,23:59,00:00,23:59,00:00,23:59,무료,0,0,0,0,,,,,,제주특별자치도 제주시청,,,,2023-04-13
405-2-000137,신광초등학교동측 공영주차장,공영,노외,,제주특별자치도 제주시 연동 2303-11,7,1,미시행,평일+토요일+공휴일,00:00,23:59,00:00,23:59,00:00,23:59,무료,0,0,0,0,,,,,,제주특별자치도 제주시청,,,,2023-04-13
405-2-000138,외도구획정리지구 공영주차장,공영,노외,,제주특별자치도 제주시 외도1동 417-6,42,1,미시행,평일+토요일+공휴일,00:00,23:59,00:00,23:59,00:00,23:59,무료,0,0,0,0,,,,,,제주특별자치도 제주시청,,,,2023-04-13
405-2-000139,외도구획정리지구 공영주차장,공영,노외,,제주특별자치도 제주시 외도1동 440-7,50,1,미시행,평일+토요일+공휴일,00:00,23:59,00:00,23:59,00:00,23:59,무료,0,0,0,0,,,,,,제주특별자치도 제주시청,,,,2023-04-13
405-2-000140,외도구획정리지구 공영주차장,공영,노외,,제주특별자치도 제주시 외도1동 448-3,59,1,미시행,평일+토요일+공휴일,00:00,23:59,00:00,23:59,00:00,23:59,무료,0,0,0,0,,,,,,제주특별자치도 제주시청,,,,2023-04-13
405-2-000141,외도구획정리지구 공영주차장,공영,노외,,제주특별자치도 제주시 외도1동 453-1,43,1,미시행,평일+토요일+공휴일,00:00,23:59,00:00,23:59,00:00,23:59,무료,0,0,0,0,,,,,,제주특별자치도 제주시청,,,,2023-04-13
405-2-000142,외도구획정리지구 공영주차장,공영,노외,,제주특별자치도 제주시 외도1동 482-1,44,1,미시행,평일+토요일+공휴일,00:00,23:59,00:00,23:59,00:00,23:59,무료,0,0,0,0,,,,,,제주특별자치도 제주시청,,,,2023-04-13
405-2-000143,외도구획정리지구 공영주차장,공영,노외,,제주특별자치도 제주시 외도1동 493-1,39,1,미시행,평일+토요일+공휴일,00:00,23:59,00:00,23:59,00:00,23:59,무료,0,0,0,0,,,,,,제주특별자치도 제주시청,,,,2023-04-13
405-2-000144,외도구획정리지구(외도복지회관북측),공영,노외,,제주특별자치도 제주시 외도1동 496-17,31,1,미시행,평일+토요일+공휴일,00:00,23:59,00:00,23:59,00:00,23:59,무료,0,0,0,0,,,,,,제주특별자치도 제주시청,,,,2023-04-13
405-2-000145,외도구획정리지구(외도복지화관동측),공영,노외,,제주특별자치도 제주시 외도1동 497-16,11,1,미시행,평일+토요일+공휴일,00:00,23:59,00:00,23:59,00:00,23:59,무료,0,0,0,0,,,,,,제주특별자치도 제주시청,,,,2023-04-13
405-2-000146,외도구획정리지구 공영주차장,공영,노외,,제주특별자치도 제주시 외도1동 542-18,23,1,미시행,평일+토요일+공휴일,00:00,23:59,00:00,23:59,00:00,23:59,무료,0,0,0,0,,,,,,제주특별자치도 제주시청,,,,2023-04-13
405-2-000147,외도구획정리지구 공영주차장,공영,노외,,제주특별자치도 제주시 외도1동 632-7,51,1,미시행,평일+토요일+공휴일,00:00,23:59,00:00,23:59,00:00,23:59,무료,0,0,0,0,,,,,,제주특별자치도 제주시청,,,,2023-04-13
405-2-000148,외도구획정리지구(외도동사무소앞),공영,노외,,제주특별자치도 제주시 외도2동 233-8,19,1,미시행,평일+토요일+공휴일,00:00,23:59,00:00,23:59,00:00,23:59,무료,0,0,0,0,,,,,,제주특별자치도 제주시청,,,,2023-04-13
405-2-000149,남녕고 서측(남녕마트 앞),공영,노외,,제주특별자치도 제주시 노형동 1293-2,39,1,미시행,평일+토요일+공휴일,00:00,23:59,00:00,23:59,00:00,23:59,무료,0,0,0,0,,,,,,제주특별자치도 제주시청,,,,2023-04-13
405-2-000150,화북2동 3491-2 공영주차장,공영,노외,,제주특별자치도 제주시 화북2동 3491-2,28,1,미시행,평일+토요일+공휴일,00:00,23:59,00:00,23:59,00:00,23:59,무료,0,0,0,0,,,,,,제주특별자치도 제주시청,,,,2023-04-13
405-2-000151,오라2동 1326 공영주차장,공영,노외,,오라2동 1326제주특별자치도 제주시,18,1,미시행,평일+토요일+공휴일,00:00,23:59,00:00,23:59,00:00,23:59,무료,0,0,0,0,,,,,,제주특별자치도 제주시청,,,,2023-04-13
405-2-000152,사라봉입구 공영주차장,공영,노외,,"제주특별자치도 제주시 건입동 697-1,6",70,1,미시행,평일+토요일+공휴일,00:00,23:59,00:00,23:59,00:00,23:59,무료,0,0,0,0,,,,,,제주특별자치도 제주시청,,,,2023-04-13
405-2-000153,건입 동자복지구(금산수원지남측),공영,노외,,제주특별자치도 제주시 건입동 1189-1,7,1,미시행,평일+토요일+공휴일,00:00,23:59,00:00,23:59,00:00,23:59,무료,0,0,0,0,,,,,,제주특별자치도 제주시청,,,,2023-04-13
405-2-000154,현대아파트상가 앞 공영주차장,공영,노외,,"제주특별자치도 제주시 건입동 1042-2, 1042-1",18,1,미시행,평일+토요일+공휴일,00:00,23:59,00:00,23:59,00:00,23:59,무료,0,0,0,0,,,,,,제주특별자치도 제주시청,,,,2023-04-13
405-2-000155,현사부락 물양장 공영주차장,공영,노외,,제주특별자치도 제주시 이호1동 1788-6,35,1,미시행,평일+토요일+공휴일,00:00,23:59,00:00,23:59,00:00,23:59,무료,0,0,0,0,,,,,,제주특별자치도 제주시청,,,,2023-04-13
405-2-000156,화북소방서 북측 공영주차장,공영,노외,,제주특별자치도 제주시 화북1동 11-7,47,1,미시행,평일+토요일+공휴일,00:00,23:59,00:00,23:59,00:00,23:59,무료,0,0,0,0,,,,,,제주특별자치도 제주시청,,,,2023-04-13
405-2-000157,동화초등교 남측 공영주차장,공영,노외,,제주특별자치도 제주시 화북1동 14-1,15,1,미시행,평일+토요일+공휴일,00:00,23:59,00:00,23:59,00:00,23:59,무료,0,0,0,0,,,,,,제주특별자치도 제주시청,,,,2023-04-13
405-2-000158,공관어린이집 남측 공영주차장,공영,노외,,제주특별자치도 제주시 연동 291-21,9,1,미시행,평일+토요일+공휴일,00:00,23:59,00:00,23:59,00:00,23:59,무료,0,0,0,0,,,,,,제주특별자치도 제주시청,,,,2023-04-13
405-2-000159,청소년수련실 북측 공영주차장,공영,노외,,제주특별자치도 제주시 화북1동 1619-7,3,1,미시행,평일+토요일+공휴일,00:00,23:59,00:00,23:59,00:00,23:59,무료,0,0,0,0,,,,,,제주특별자치도 제주시청,,,,2023-04-13
405-2-000160,청풍대 옆 공영주차장,공영,노외,,제주특별자치도 제주시 화북1동 1936,11,1,미시행,평일+토요일+공휴일,00:00,23:59,00:00,23:59,00:00,23:59,무료,0,0,0,0,,,,,,제주특별자치도 제주시청,,,,2023-04-13
405-2-000161,청풍대(삼부하우스 동측) 공영주차장,공영,노외,,제주특별자치도 제주시 화북1동 1930-4,18,1,미시행,평일+토요일+공휴일,00:00,23:59,00:00,23:59,00:00,23:59,무료,0,0,0,0,,,,,,제주특별자치도 제주시청,,,,2023-04-13
405-2-000162,화북떡집 서측 공영주차장,공영,노외,,제주특별자치도 제주시 화북1동 1951-5,32,1,미시행,평일+토요일+공휴일,00:00,23:59,00:00,23:59,00:00,23:59,무료,0,0,0,0,,,,,,제주특별자치도 제주시청,,,,2023-04-13
405-2-000163,탐라사료 북측 공영주차장,공영,노외,,제주특별자치도 제주시 화북1동 2130-6,46,1,미시행,평일+토요일+공휴일,00:00,23:59,00:00,23:59,00:00,23:59,무료,0,0,0,0,,,,,,제주특별자치도 제주시청,,,,2023-04-13
405-2-000164,서사라사거리 북측 공영주차장,공영,노외,,제주특별자치도 제주시 삼도1동 533-10,6,1,미시행,평일+토요일+공휴일,00:00,23:59,00:00,23:59,00:00,23:59,무료,0,0,0,0,,,,,,제주특별자치도 제주시청,,,,2023-04-13
405-2-000165,장미빌라 맞은편 공영주차장,공영,노외,,"제주특별자치도 제주시 화북1동 1984-1, 1984-2",10,1,미시행,평일+토요일+공휴일,00:00,23:59,00:00,23:59,00:00,23:59,무료,0,0,0,0,,,,,,제주특별자치도 제주시청,,,,2023-04-13
405-2-000166,통계청사무소 북측 공영주차장,공영,노외,,제주특별자치도 제주시 이도2동 417-4,24,1,미시행,평일+토요일+공휴일,00:00,23:59,00:00,23:59,00:00,23:59,무료,0,0,0,0,,,,,,제주특별자치도 제주시청,,,,2023-04-13
405-2-000167,이도2지구 공영주차장,공영,노외,,제주특별자치도 제주시 이도2동 2040-2,28,1,미시행,평일+토요일+공휴일,00:00,23:59,00:00,23:59,00:00,23:59,무료,0,0,0,0,,,,,,제주특별자치도 제주시청,,,,2023-04-13
405-2-000168,이도2지구 공영주차장,공영,노외,,제주특별자치도 제주시 이도2동 2035-10,30,1,미시행,평일+토요일+공휴일,00:00,23:59,00:00,23:59,00:00,23:59,무료,0,0,0,0,,,,,,제주특별자치도 제주시청,,,,2023-04-13
405-2-000169,이도2지구 공영주차장,공영,노외,,제주특별자치도 제주시 이도2동 2030-4,27,1,미시행,평일+토요일+공휴일,00:00,23:59,00:00,23:59,00:00,23:59,무료,0,0,0,0,,,,,,제주특별자치도 제주시청,,,,2023-04-13
405-2-000170,이도2지구 공영주차장,공영,노외,,제주특별자치도 제주시 이도2동 2026-9,27,1,미시행,평일+토요일+공휴일,00:00,23:59,00:00,23:59,00:00,23:59,무료,0,0,0,0,,,,,,제주특별자치도 제주시청,,,,2023-04-13
405-2-000171,이도2지구 공영주차장,공영,노외,,제주특별자치도 제주시 이도2동 1998-9,41,1,미시행,평일+토요일+공휴일,00:00,23:59,00:00,23:59,00:00,23:59,무료,0,0,0,0,,,,,,제주특별자치도 제주시청,,,,2023-04-13
405-2-000172,이도2지구 공영주차장,공영,노외,,제주특별자치도 제주시 이도2동 2003-7,29,1,미시행,평일+토요일+공휴일,00:00,23:59,00:00,23:59,00:00,23:59,무료,0,0,0,0,,,,,,제주특별자치도 제주시청,,,,2023-04-13
405-2-000173,이도2지구 공영주차장,공영,노외,,제주특별자치도 제주시 이도2동 2021-12,33,1,미시행,평일+토요일+공휴일,00:00,23:59,00:00,23:59,00:00,23:59,무료,0,0,0,0,,,,,,제주특별자치도 제주시청,,,,2023-04-13
405-2-000174,이도2지구 공영주차장,공영,노외,,제주특별자치도 제주시 이도2동 1992-7,36,1,미시행,평일+토요일+공휴일,00:00,23:59,00:00,23:59,00:00,23:59,무료,0,0,0,0,,,,,,제주특별자치도 제주시청,,,,2023-04-13
405-2-000175,이도2지구 공영주차장,공영,노외,,제주특별자치도 제주시 이도2동 1994-1,26,1,미시행,평일+토요일+공휴일,00:00,23:59,00:00,23:59,00:00,23:59,무료,0,0,0,0,,,,,,제주특별자치도 제주시청,,,,2023-04-13
405-2-000176,이도2지구 공영주차장,공영,노외,,제주특별자치도 제주시 이도2동 1977-7,27,1,미시행,평일+토요일+공휴일,00:00,23:59,00:00,23:59,00:00,23:59,무료,0,0,0,0,,,,,,제주특별자치도 제주시청,,,,2023-04-13
405-2-000177,이도2지구 공영주차장,공영,노외,,제주특별자치도 제주시 이도2동 1982-1,17,1,미시행,평일+토요일+공휴일,00:00,23:59,00:00,23:59,00:00,23:59,무료,0,0,0,0,,,,,,제주특별자치도 제주시청,,,,2023-04-13
405-2-000178,이도2지구 공영주차장,공영,노외,,제주특별자치도 제주시 이도2동 1982-3,23,1,미시행,평일+토요일+공휴일,00:00,23:59,00:00,23:59,00:00,23:59,무료,0,0,0,0,,,,,,제주특별자치도 제주시청,,,,2023-04-13
405-2-000179,이도2지구 공영주차장,공영,노외,,제주특별자치도 제주시 아라2동 3013-1,15,1,미시행,평일+토요일+공휴일,00:00,23:59,00:00,23:59,00:00,23:59,무료,0,0,0,0,,,,,,제주특별자치도 제주시청,,,,2023-04-13
405-2-000180,이도2지구 공영주차장,공영,노외,,제주특별자치도 제주시 아라2동 3013-11,17,1,미시행,평일+토요일+공휴일,00:00,23:59,00:00,23:59,00:00,23:59,무료,0,0,0,0,,,,,,제주특별자치도 제주시청,,,,2023-04-13
405-2-000181,이도2지구 공영주차장,공영,노외,,제주특별자치도 제주시 이도2동 1968-5,29,1,미시행,평일+토요일+공휴일,00:00,23:59,00:00,23:59,00:00,23:59,무료,0,0,0,0,,,,,,제주특별자치도 제주시청,,,,2023-04-13
405-2-000182,이도2지구 공영주차장,공영,노외,,제주특별자치도 제주시 아라2동 3008-1,23,1,미시행,평일+토요일+공휴일,00:00,23:59,00:00,23:59,00:00,23:59,무료,0,0,0,0,,,,,,제주특별자치도 제주시청,,,,2023-04-13
405-2-000183,이도2지구 공영주차장,공영,노외,,제주특별자치도 제주시 이도2동 1945-6,22,1,미시행,평일+토요일+공휴일,00:00,23:59,00:00,23:59,00:00,23:59,무료,0,0,0,0,,,,,,제주특별자치도 제주시청,,,,2023-04-13
405-2-000184,이도2지구 공영주차장,공영,노외,,제주특별자치도 제주시 이도2동 1960-3,22,1,미시행,평일+토요일+공휴일,00:00,23:59,00:00,23:59,00:00,23:59,무료,0,0,0,0,,,,,,제주특별자치도 제주시청,,,,2023-04-13
405-2-000185,이도2지구 공영주차장,공영,노외,,제주특별자치도 제주시 이도2동 1954-4,23,1,미시행,평일+토요일+공휴일,00:00,23:59,00:00,23:59,00:00,23:59,무료,0,0,0,0,,,,,,제주특별자치도 제주시청,,,,2023-04-13
405-2-000186,용담이동 공영주차장,공영,노외,,제주특별자치도 제주시 용담2동 2690-19,52,1,미시행,평일+토요일+공휴일,00:00,23:59,00:00,23:59,00:00,23:59,무료,0,0,0,0,,,,,,제주특별자치도 제주시청,,,,2023-04-13
405-2-000187,화북동 공영주차장,공영,노외,,제주특별자치도 제주시 화북1동 1933-8,32,1,미시행,평일+토요일+공휴일,00:00,23:59,00:00,23:59,00:00,23:59,무료,0,0,0,0,,,,,,제주특별자치도 제주시청,,,,2023-04-13
405-2-000188,일도이동 공영주차장,공영,노외,,제주특별자치도 제주시 일도2동 1029-96,7,1,미시행,평일+토요일+공휴일,00:00,23:59,00:00,23:59,00:00,23:59,무료,0,0,0,0,,,,,,제주특별자치도 제주시청,,,,2023-04-13
405-2-000189,삼양동 공영주차장,공영,노외,,제주특별자치도 제주시 삼양2동 2124-6,26,1,미시행,평일+토요일+공휴일,00:00,23:59,00:00,23:59,00:00,23:59,무료,0,0,0,0,,,,,,제주특별자치도 제주시청,,,,2023-04-13
405-2-000190,건입동 공영주차장,공영,노외,,제주특별자치도 제주시 건입동 1077-47,4,1,미시행,평일+토요일+공휴일,00:00,23:59,00:00,23:59,00:00,23:59,무료,0,0,0,0,,,,,,제주특별자치도 제주시청,,,,2023-04-13
405-2-000191,화북동 공영주차장,공영,노외,,제주특별자치도 제주시 화북1동 4266-12,7,1,미시행,평일+토요일+공휴일,00:00,23:59,00:00,23:59,00:00,23:59,무료,0,0,0,0,,,,,,제주특별자치도 제주시청,,,,2023-04-13
405-2-000192,일도이동 공영주차장,공영,노외,,제주특별자치도 제주시 일도2동 984-3,16,1,미시행,평일+토요일+공휴일,00:00,23:59,00:00,23:59,00:00,23:59,무료,0,0,0,0,,,,,,제주특별자치도 제주시청,,,,2023-04-13
405-2-000193,화북동 공영주차장,공영,노외,,"제주특별자치도 제주시 화북2동 3378-4, 3378-6",35,1,미시행,평일+토요일+공휴일,00:00,23:59,00:00,23:59,00:00,23:59,무료,0,0,0,0,,,,,,제주특별자치도 제주시청,,,,2023-04-13
405-2-000194,회성푸르니 뒷편 공영주차장,공영,노외,,"제주특별자치도 제주시 오라2동 1375-1, 1376",21,1,미시행,평일+토요일+공휴일,00:00,23:59,00:00,23:59,00:00,23:59,무료,0,0,0,0,,,,,,제주특별자치도 제주시청,,,,2023-04-13
405-2-000195,선관위 동쪽 뒷편 공영주차장,공영,노외,,제주특별자치도 제주시 일도2동 107,9,1,미시행,평일+토요일+공휴일,00:00,23:59,00:00,23:59,00:00,23:59,무료,0,0,0,0,,,,,,제주특별자치도 제주시청,,,,2023-04-13
405-2-000196,이도이동 공영주차장,공영,노외,,제주특별자치도 제주시 도남동 916-10,8,1,미시행,평일+토요일+공휴일,00:00,23:59,00:00,23:59,00:00,23:59,무료,0,0,0,0,,,,,,제주특별자치도 제주시청,,,,2023-04-13
405-2-000197,명물식당 뒷편 공영주차장,공영,노외,,"제주특별자치도 제주시 삼도2동 1167-6, 1167-7",15,1,미시행,평일+토요일+공휴일,00:00,23:59,00:00,23:59,00:00,23:59,무료,0,0,0,0,,,,,,제주특별자치도 제주시청,,,,2023-04-13
405-2-000198,(구)한길자동차(대림2차 서측),공영,노외,,제주특별자치도 제주시 일도2동 112,47,1,미시행,평일+토요일+공휴일,00:00,23:59,00:00,23:59,00:00,23:59,무료,0,0,0,0,,,,,,제주특별자치도 제주시청,,,,2023-04-13
405-2-000199,용담이동주민센터 맞은편 공영주차장,공영,노외,,제주특별자치도 제주시 용담2동 358-12,15,1,미시행,평일+토요일+공휴일,00:00,23:59,00:00,23:59,00:00,23:59,무료,0,0,0,0,,,,,,제주특별자치도 제주시청,,,,2023-04-13
405-2-000200,도남순복음교회 옆 공영주차장,공영,노외,,제주특별자치도 제주시 도남동 910-1,18,1,미시행,평일+토요일+공휴일,00:00,23:59,00:00,23:59,00:00,23:59,무료,0,0,0,0,,,,,,제주특별자치도 제주시청,,,,2023-04-13
405-2-000201,중앙병원 남서측 공영주차장,공영,노외,,제주특별자치도 제주시 일도2동 1006-35,12,1,미시행,평일+토요일+공휴일,00:00,23:59,00:00,23:59,00:00,23:59,무료,0,0,0,0,,,,,,제주특별자치도 제주시청,,,,2023-04-13
405-2-000202,탐라중 북측 공영주차장,공영,노외,,제주특별자치도 제주시 이도2동 1963-7,79,1,미시행,평일+토요일+공휴일,00:00,23:59,00:00,23:59,00:00,23:59,무료,0,0,0,0,,,,,,제주특별자치도 제주시청,,,,2023-04-13
405-2-000203,한천초등 서남측 공영주차장,공영,노외,,제주특별자치도 제주시 용담1동 262-13,11,1,미시행,평일+토요일+공휴일,00:00,23:59,00:00,23:59,00:00,23:59,무료,0,0,0,0,,,,,,제주특별자치도 제주시청,,,,2023-04-13
405-2-000204,우일아파트 옆 공영주차장,공영,노외,,제주특별자치도 제주시 건입동 1277-2,9,1,미시행,평일+토요일+공휴일,00:00,23:59,00:00,23:59,00:00,23:59,무료,0,0,0,0,,,,,,제주특별자치도 제주시청,,,,2023-04-13
405-2-000205,수은근린공원 서측 공영주차장,공영,노외,,제주특별자치도 제주시 이도2동 375,25,1,미시행,평일+토요일+공휴일,00:00,23:59,00:00,23:59,00:00,23:59,무료,0,0,0,0,,,,,,제주특별자치도 제주시청,,,,2023-04-13
405-2-000206,동광천주교 동남측 공영주차장,공영,노외,,제주특별자치도 제주시 일도2동 88-1,24,1,미시행,평일+토요일+공휴일,00:00,23:59,00:00,23:59,00:00,23:59,무료,0,0,0,0,,,,,,제주특별자치도 제주시청,,,,2023-04-13
405-2-000207,청소년문화의집 남측 공영주차장,공영,노외,,제주특별자치도 제주시 화북1동 1936-7,22,1,미시행,평일+토요일+공휴일,00:00,23:59,00:00,23:59,00:00,23:59,무료,0,0,0,0,,,,,,제주특별자치도 제주시청,,,,2023-04-13
405-2-000208,동문성당 앞 공영주차장,공영,노외,,제주특별자치도 제주시 일도2동 1029-99,9,1,미시행,평일+토요일+공휴일,00:00,23:59,00:00,23:59,00:00,23:59,무료,0,0,0,0,,,,,,제주특별자치도 제주시청,,,,2023-04-13
405-2-000209,황금정갈비 뒷편 공영주차장,공영,노외,,제주특별자치도 제주시 일도2동 1020-1,7,1,미시행,평일+토요일+공휴일,00:00,23:59,00:00,23:59,00:00,23:59,무료,0,0,0,0,,,,,,제주특별자치도 제주시청,,,,2023-04-13
405-2-000210,월성부락 내 공영주차장,공영,노외,,제주특별자치도 제주시 용담2동 2745-10,32,1,미시행,평일+토요일+공휴일,00:00,23:59,00:00,23:59,00:00,23:59,무료,0,0,0,0,,,,,,제주특별자치도 제주시청,,,,2023-04-13
405-2-000211,노형2지구 공영주차장,공영,노외,,제주특별자치도 제주시 노형동 3803-6,53,1,미시행,평일+토요일+공휴일,00:00,23:59,00:00,23:59,00:00,23:59,무료,0,0,0,0,,,,,,제주특별자치도 제주시청,,,,2023-04-13
405-2-000212,노형2지구 공영주차장,공영,노외,,제주특별자치도 제주시 노형동 3800-6,65,1,미시행,평일+토요일+공휴일,00:00,23:59,00:00,23:59,00:00,23:59,무료,0,0,0,0,,,,,,제주특별자치도 제주시청,,,,2023-04-13
405-2-000213,아라지구 공영주차장,공영,노외,,제주특별자치도 제주시 아라1동 6046-5,33,1,미시행,평일+토요일+공휴일,00:00,23:59,00:00,23:59,00:00,23:59,무료,0,0,0,0,,,,,,제주특별자치도 제주시청,,,,2023-04-13
405-2-000214,아라지구 공영주차장,공영,노외,,제주특별자치도 제주시 아라1동 6051-4,20,1,미시행,평일+토요일+공휴일,00:00,23:59,00:00,23:59,00:00,23:59,무료,0,0,0,0,,,,,,제주특별자치도 제주시청,,,,2023-04-13
405-2-000215,아라지구 공영주차장,공영,노외,,제주특별자치도 제주시 아라1동 6059,19,1,미시행,평일+토요일+공휴일,00:00,23:59,00:00,23:59,00:00,23:59,무료,0,0,0,0,,,,,,제주특별자치도 제주시청,,,,2023-04-13
405-2-000216,아라지구 공영주차장,공영,노외,,제주특별자치도 제주시 아라1동 6096,31,1,미시행,평일+토요일+공휴일,00:00,23:59,00:00,23:59,00:00,23:59,무료,0,0,0,0,,,,,,제주특별자치도 제주시청,,,,2023-04-13
405-2-000217,아라지구 공영주차장,공영,노외,,제주특별자치도 제주시 아라1동 6106-3,28,1,미시행,평일+토요일+공휴일,00:00,23:59,00:00,23:59,00:00,23:59,무료,0,0,0,0,,,,,,제주특별자치도 제주시청,,,,2023-04-13
405-2-000218,아라지구 공영주차장,공영,노외,,제주특별자치도 제주시 아라1동 6114-5,36,1,미시행,평일+토요일+공휴일,00:00,23:59,00:00,23:59,00:00,23:59,무료,0,0,0,0,,,,,,제주특별자치도 제주시청,,,,2023-04-13
405-2-000219,아라지구 공영주차장,공영,노외,,제주특별자치도 제주시 아라1동 6123,34,1,미시행,평일+토요일+공휴일,00:00,23:59,00:00,23:59,00:00,23:59,무료,0,0,0,0,,,,,,제주특별자치도 제주시청,,,,2023-04-13
405-2-000220,아라지구 공영주차장,공영,노외,,제주특별자치도 제주시 아라1동 6128-4,24,1,미시행,평일+토요일+공휴일,00:00,23:59,00:00,23:59,00:00,23:59,무료,0,0,0,0,,,,,,제주특별자치도 제주시청,,,,2023-04-13
405-2-000221,아라지구 공영주차장,공영,노외,,제주특별자치도 제주시 아라1동 6131,36,1,미시행,평일+토요일+공휴일,00:00,23:59,00:00,23:59,00:00,23:59,무료,0,0,0,0,,,,,,제주특별자치도 제주시청,,,,2023-04-13
405-2-000222,아라지구 공영주차장,공영,노외,,제주특별자치도 제주시 아라1동 6142-1,41,1,미시행,평일+토요일+공휴일,00:00,23:59,00:00,23:59,00:00,23:59,무료,0,0,0,0,,,,,,제주특별자치도 제주시청,,,,2023-04-13
405-2-000223,아라지구 공영주차장,공영,노외,,제주특별자치도 제주시 아라1동 6159,47,1,미시행,평일+토요일+공휴일,00:00,23:59,00:00,23:59,00:00,23:59,무료,0,0,0,0,,,,,,제주특별자치도 제주시청,,,,2023-04-13
405-2-000224,아라지구 공영주차장,공영,노외,,제주특별자치도 제주시 아라1동 6140-4,77,1,미시행,평일+토요일+공휴일,00:00,23:59,00:00,23:59,00:00,23:59,무료,0,0,0,0,,,,,,제주특별자치도 제주시청,,,,2023-04-13
405-2-000225,아라지구 공영주차장,공영,노외,,제주특별자치도 제주시 아라1동 6068-9,24,1,미시행,평일+토요일+공휴일,00:00,23:59,00:00,23:59,00:00,23:59,무료,0,0,0,0,,,,,,제주특별자치도 제주시청,,,,2023-04-13
405-2-000226,아라지구 공영주차장,공영,노외,,제주특별자치도 제주시 아라1동 6061,19,1,미시행,평일+토요일+공휴일,00:00,23:59,00:00,23:59,00:00,23:59,무료,0,0,0,0,,,,,,제주특별자치도 제주시청,,,,2023-04-13
405-2-000227,아라지구 공영주차장,공영,노외,,제주특별자치도 제주시 아라1동 6064-4,24,1,미시행,평일+토요일+공휴일,00:00,23:59,00:00,23:59,00:00,23:59,무료,0,0,0,0,,,,,,제주특별자치도 제주시청,,,,2023-04-13
405-2-000228,아라지구 공영주차장,공영,노외,,제주특별자치도 제주시 아라1동 6083-3,48,1,미시행,평일+토요일+공휴일,00:00,23:59,00:00,23:59,00:00,23:59,무료,0,0,0,0,,,,,,제주특별자치도 제주시청,,,,2023-04-13
405-2-000229,아라지구 공영주차장,공영,노외,,제주특별자치도 제주시 아라1동 6075-6,30,1,미시행,평일+토요일+공휴일,00:00,23:59,00:00,23:59,00:00,23:59,무료,0,0,0,0,,,,,,제주특별자치도 제주시청,,,,2023-04-13
405-2-000230,상록회관 북측 공영주차장,공영,노외,,제주특별자치도 제주시 이도1동 1292-10,20,1,미시행,평일+토요일+공휴일,00:00,23:59,00:00,23:59,00:00,23:59,무료,0,0,0,0,,,,,,제주특별자치도 제주시청,,,,2023-04-13
405-2-000231,사라봉오거리 남동측 공영주차장,공영,노외,,제주특별자치도 제주시 일도2동 132-14,8,1,미시행,평일+토요일+공휴일,00:00,23:59,00:00,23:59,00:00,23:59,무료,0,0,0,0,,,,,,제주특별자치도 제주시청,,,,2023-04-13
405-2-000232,백록담주유소 옆 공영주차장,공영,노외,,제주특별자치도 제주시 건입동 709-4,15,1,미시행,평일+토요일+공휴일,00:00,23:59,00:00,23:59,00:00,23:59,무료,0,0,0,0,,,,,,제주특별자치도 제주시청,,,,2023-04-13
405-2-000233,명도암 교차로 동측 공영주차장,공영,노외,,제주특별자치도 제주시 회천동 3262-3외3,31,1,미시행,평일+토요일+공휴일,00:00,23:59,00:00,23:59,00:00,23:59,무료,0,0,0,0,,,,,,제주특별자치도 제주시청,,,,2023-04-13
405-2-000234,현대아파트상가 앞 공영주차장,공영,노외,,제주특별자치도 제주시 건입동 1042-7,3,1,미시행,평일+토요일+공휴일,00:00,23:59,00:00,23:59,00:00,23:59,무료,0,0,0,0,,,,,,제주특별자치도 제주시청,,,,2023-04-13
405-2-000235,사라봉오거리 북동측 공영주차장,공영,노외,,제주특별자치도 제주시 건입동 709-2,13,1,미시행,평일+토요일+공휴일,00:00,23:59,00:00,23:59,00:00,23:59,무료,0,0,0,0,,,,,,제주특별자치도 제주시청,,,,2023-04-13
405-2-000236,서사라사거리 북측 공영주차장,공영,노외,,제주특별자치도 제주시 삼도1동 533-9,8,1,미시행,평일+토요일+공휴일,00:00,23:59,00:00,23:59,00:00,23:59,무료,0,0,0,0,,,,,,제주특별자치도 제주시청,,,,2023-04-13
405-2-000237,용담1동 주민센터 옆 공영주차장,공영,노외,,제주특별자치도 제주시 용담1동 244-1,7,1,미시행,평일+토요일+공휴일,00:00,23:59,00:00,23:59,00:00,23:59,무료,0,0,0,0,,,,,,제주특별자치도 제주시청,,,,2023-04-13
405-2-000238,삼성아파트 북측 공영주차장,공영,노외,,제주특별자치도 제주시 이도1동 1555-25,5,1,미시행,평일+토요일+공휴일,00:00,23:59,00:00,23:59,00:00,23:59,무료,0,0,0,0,,,,,,제주특별자치도 제주시청,,,,2023-04-13
405-2-000239,봉개동 주민센터 앞 공영주차장,공영,노외,,제주특별자치도 제주시 봉개동 1854-1,112,1,미시행,평일+토요일+공휴일,00:00,23:59,00:00,23:59,00:00,23:59,무료,0,0,0,0,,,,,,제주특별자치도 제주시청,,,,2023-04-13
405-2-000240,화북공단 인근 공영주차장,공영,노외,,제주특별자치도 제주시 화북2동 3645-4,39,1,미시행,평일+토요일+공휴일,00:00,23:59,00:00,23:59,00:00,23:59,무료,0,0,0,0,,,,,,제주특별자치도 제주시청,,,,2023-04-13
405-2-000241,도두동 주민센터 옆 공영주차장,공영,노외,,제주특별자치도 제주시 도두1동 1987-2,50,1,미시행,평일+토요일+공휴일,00:00,23:59,00:00,23:59,00:00,23:59,무료,0,0,0,0,,,,,,제주특별자치도 제주시청,,,,2023-04-13
405-2-000242,건입동 공영주차장,공영,노외,,제주특별자치도 제주시 건입동 1190-1,10,1,미시행,평일+토요일+공휴일,00:00,23:59,00:00,23:59,00:00,23:59,무료,0,0,0,0,,,,,,제주특별자치도 제주시청,,,,2023-04-13
405-2-000243,삼도119센터 서북측 공영주차장,공영,노외,,제주특별자치도 제주시 삼도2동 1227-15,4,1,미시행,평일+토요일+공휴일,00:00,23:59,00:00,23:59,00:00,23:59,무료,0,0,0,0,,,,,,제주특별자치도 제주시청,,,,2023-04-13
405-2-000244,공항부지 동측 용해로 인근 공영주차장,공영,노외,,제주특별자치도 제주시 용담3동 995-1,25,1,미시행,평일+토요일+공휴일,00:00,23:59,00:00,23:59,00:00,23:59,무료,0,0,0,0,,,,,,제주특별자치도 제주시청,,,,2023-04-13
405-2-000245,일도2동 신산머루 공영주차장,공영,노외,,제주특별자치도 제주시 일도2동 1029-22,7,1,미시행,평일+토요일+공휴일,00:00,23:59,00:00,23:59,00:00,23:59,무료,0,0,0,0,,,,,,제주특별자치도 제주시청,,,,2023-04-13
405-2-000246,일도2동 신산머루 공영주차장,공영,노외,,제주특별자치도 제주시 일도2동 1029-32,6,1,미시행,평일+토요일+공휴일,00:00,23:59,00:00,23:59,00:00,23:59,무료,0,0,0,0,,,,,,제주특별자치도 제주시청,,,,2023-04-13
405-2-000247,아라동 도시계획주차장 공영주차장,공영,노외,,제주특별자치도 제주시 아라2동 941-7,11,1,미시행,평일+토요일+공휴일,00:00,23:59,00:00,23:59,00:00,23:59,무료,0,0,0,0,,,,,,제주특별자치도 제주시청,,,,2023-04-13
405-2-000248,건입동 부지매입 공영주차장,공영,노외,,제주특별자치도 제주시 건입동 659-3,20,1,미시행,평일+토요일+공휴일,00:00,23:59,00:00,23:59,00:00,23:59,무료,0,0,0,0,,,,,,제주특별자치도 제주시청,,,,2023-04-13
405-2-000249,삼도1동 부지매입 공영주차장,공영,노외,,제주특별자치도 제주시 삼도1동 499-3,18,1,미시행,평일+토요일+공휴일,00:00,23:59,00:00,23:59,00:00,23:59,무료,0,0,0,0,,,,,,제주특별자치도 제주시청,,,,2023-04-13
405-2-000250,삼도2동공영주차장,공영,노외,,제주특별자치도 제주시 삼도2동 1158-23,18,1,미시행,평일+토요일+공휴일,00:00,23:59,00:00,23:59,00:00,23:59,무료,0,0,0,0,,,,,,제주특별자치도 제주시청,,,,2023-04-13
405-2-000251,건입동공영주차장,공영,노외,,제주특별자치도 제주시 건입동 1188,10,1,미시행,평일+토요일+공휴일,00:00,23:59,00:00,23:59,00:00,23:59,무료,0,0,0,0,,,,,,제주특별자치도 제주시청,,,,2023-04-13
405-2-000252,이호동공영주차장,공영,노외,,제주특별자치도 제주시 이호2동 796-2,15,1,미시행,평일+토요일+공휴일,00:00,23:59,00:00,23:59,00:00,23:59,무료,0,0,0,0,,,,,,제주특별자치도 제주시청,,,,2023-04-13
405-2-000253,미원 옆 공영주차장,공영,노외,,제주특별자치도 제주시 이도1동 1782-12,21,1,미시행,평일+토요일+공휴일,00:00,23:59,00:00,23:59,00:00,23:59,무료,0,0,0,0,,,,,,제주특별자치도 제주시청,,,,2023-04-13
405-2-000254,동주민센터 뒤 공영주차장,공영,노외,,제주특별자치도 제주시 건입동 1189-10,9,1,미시행,평일+토요일+공휴일,00:00,23:59,00:00,23:59,00:00,23:59,무료,0,0,0,0,,,,,,제주특별자치도 제주시청,,,,2023-04-13
405-2-000255,현대아파트 동측 공영주차장,공영,노외,,"제주특별자치도 제주시 건입동933-3, 923, 925-1, 927-1",54,1,미시행,평일+토요일+공휴일,00:00,23:59,00:00,23:59,00:00,23:59,무료,0,0,0,0,,,,,,제주특별자치도 제주시청,,,,2023-04-13
405-2-000256,일도이동 공영주차장,공영,노외,,제주특별자치도 제주시 일도2동 1033-3,3,1,미시행,평일+토요일+공휴일,00:00,23:59,00:00,23:59,00:00,23:59,무료,0,0,0,0,,,,,,제주특별자치도 제주시청,,,,2023-04-13
405-2-000257,이호 오도 공영주차장,공영,노외,,제주특별자치도 제주시 이호2동 1081,20,1,미시행,평일+토요일+공휴일,00:00,23:59,00:00,23:59,00:00,23:59,무료,0,0,0,0,,,,,,제주특별자치도 제주시청,,,,2023-04-13
405-2-000258,이도일동 공영주차장,공영,노외,,"제주특별자치도 제주시 이도1동 1701-6, 1701-14",10,1,미시행,평일+토요일+공휴일,00:00,23:59,00:00,23:59,00:00,23:59,무료,0,0,0,0,,,,,,제주특별자치도 제주시청,,,,2023-04-13
405-2-000259,삼도이동 공영주차장,공영,노외,,"제주특별자치도 제주시 삼도2동 1260-4, 1260-10",10,1,미시행,평일+토요일+공휴일,00:00,23:59,00:00,23:59,00:00,23:59,무료,0,0,0,0,,,,,,제주특별자치도 제주시청,,,,2023-04-13
405-2-000260,이호이동 공영주차장,공영,노외,,제주특별자치도 제주시 이호2동 1018-1,10,1,미시행,평일+토요일+공휴일,00:00,23:59,00:00,23:59,00:00,23:59,무료,0,0,0,0,,,,,,제주특별자치도 제주시청,,,,2023-04-13
405-2-000261,노형동 947 주차장(흘천주차장),공영,노외,,제주특별자치도 제주시 노형동 947,81,1,미시행,평일+토요일+공휴일,00:00,23:59,00:00,23:59,00:00,23:59,무료,0,0,0,0,,,,,,제주특별자치도 제주시청,,,,2023-04-13
405-2-000262,이도일동 공영주차장,공영,노외,,제주특별자치도 제주시 이도1동 1555 외1,10,1,미시행,평일+토요일+공휴일,00:00,23:59,00:00,23:59,00:00,23:59,무료,0,0,0,0,,,,,,제주특별자치도 제주시청,,,,2023-04-13
405-2-000263,구좌읍 공영주차장,공영,노외,,"제주특별자치도 제주시 구좌읍 평대리 3351, -1",70,1,미시행,평일+토요일+공휴일,00:00,23:59,00:00,23:59,00:00,23:59,무료,0,0,0,0,,,,,,제주특별자치도 제주시청,,,,2023-04-13
405-2-000264,구좌읍 공영주차장,공영,노외,,제주특별자치도 제주시 구좌읍 세화리 3641-1,69,1,미시행,평일+토요일+공휴일,00:00,23:59,00:00,23:59,00:00,23:59,무료,0,0,0,0,,,,,,제주특별자치도 제주시청,,,,2023-04-13
405-2-000265,구좌읍 공영주차장,공영,노외,,"제주특별자치도 제주시 구좌읍 김녕리 492, -1, 493-3",79,1,미시행,평일+토요일+공휴일,00:00,23:59,00:00,23:59,00:00,23:59,무료,0,0,0,0,,,,,,제주특별자치도 제주시청,,,,2023-04-13
405-2-000266,구좌읍 공영주차장,공영,노외,,제주특별자치도 제주시 구좌읍 월정리 555-2,9,1,미시행,평일+토요일+공휴일,00:00,23:59,00:00,23:59,00:00,23:59,무료,0,0,0,0,,,,,,제주특별자치도 제주시청,,,,2023-04-13
405-2-000267,애월읍 공영주차장,공영,노외,,제주특별자치도 제주시 애월읍 하귀2리 1892-1,23,1,미시행,평일+토요일+공휴일,00:00,23:59,00:00,23:59,00:00,23:59,무료,0,0,0,0,,,,,,제주특별자치도 제주시청,,,,2023-04-13
405-2-000268,금능해수욕장 서측 공영주차장,공영,노외,,제주특별자치도 제주시 한림읍 금능리 1428,15,1,미시행,평일+토요일+공휴일,00:00,23:59,00:00,23:59,00:00,23:59,무료,0,0,0,0,,,,,,제주특별자치도 제주시청,,,,2023-04-13
405-2-000269,한림공원 맞은편 공영주차장,공영,노외,,제주특별자치도 제주시 한림읍 금능리 2016,100,1,미시행,평일+토요일+공휴일,00:00,23:59,00:00,23:59,00:00,23:59,무료,0,0,0,0,,,,,,제주특별자치도 제주시청,,,,2023-04-13
405-2-000270,관서 서측 공영주차장,공영,노외,,제주특별자치도 제주시 우도면 연평리 611-1,36,1,미시행,평일+토요일+공휴일,00:00,23:59,00:00,23:59,00:00,23:59,무료,0,0,0,0,,,,,,제주특별자치도 제주시청,,,,2023-04-13
405-2-000271,우도면 공영주차장,공영,노외,,제주특별자치도 제주시 우도면 연평리 317-1,24,1,미시행,평일+토요일+공휴일,00:00,23:59,00:00,23:59,00:00,23:59,무료,0,0,0,0,,,,,,제주특별자치도 제주시청,,,,2023-04-13
405-2-000272,우도면 공영주차장,공영,노외,,제주특별자치도 제주시 우도면 연평리 682-1,25,1,미시행,평일+토요일+공휴일,00:00,23:59,00:00,23:59,00:00,23:59,무료,0,0,0,0,,,,,,제주특별자치도 제주시청,,,,2023-04-13
405-2-000273,신촌교회 남측 공영주차장,공영,노외,,제주특별자치도 제주시 조천읍 신촌리 2542-1,7,1,미시행,평일+토요일+공휴일,00:00,23:59,00:00,23:59,00:00,23:59,무료,0,0,0,0,,,,,,제주특별자치도 제주시청,,,,2023-04-13
405-2-000274,조천어촌계 항구 공영주차장,공영,노외,,제주특별자치도 제주시 조천읍 신촌리 2714-5,150,1,미시행,평일+토요일+공휴일,00:00,23:59,00:00,23:59,00:00,23:59,무료,0,0,0,0,,,,,,제주특별자치도 제주시청,,,,2023-04-13
405-2-000275,조천도서관 북측 공영주차장,공영,노외,,제주특별자치도 제주시 조천읍 함덕리 921-3,7,1,미시행,평일+토요일+공휴일,00:00,23:59,00:00,23:59,00:00,23:59,무료,0,0,0,0,,,,,,제주특별자치도 제주시청,,,,2023-04-13
405-2-000276,함덕해수욕장 공영주차장,공영,노외,,"제주특별자치도 제주시 조천읍 함덕리 1002-83, 1004-5, 6",223,1,미시행,평일+토요일+공휴일,00:00,23:59,00:00,23:59,00:00,23:59,무료,0,0,0,0,,,,,,제주특별자치도 제주시청,,,,2023-04-13
405-2-000277,추자항 공영주차장,공영,노외,,"제주특별자치도 제주시 추자면 대서리 4-21, 39",23,1,미시행,평일+토요일+공휴일,00:00,23:59,00:00,23:59,00:00,23:59,무료,0,0,0,0,,,,,,제주특별자치도 제주시청,,,,2023-04-13
405-2-000278,신양항 공영주차장,공영,노외,,제주특별자치도 제주시 추자면 신양리 434-10,30,1,미시행,평일+토요일+공휴일,00:00,23:59,00:00,23:59,00:00,23:59,무료,0,0,0,0,,,,,,제주특별자치도 제주시청,,,,2023-04-13
405-2-000279,신창초등학교 북측 공영주차장,공영,노외,,제주특별자치도 제주시 한경면 신창리 232-2,20,1,미시행,평일+토요일+공휴일,00:00,23:59,00:00,23:59,00:00,23:59,무료,0,0,0,0,,,,,,제주특별자치도 제주시청,,,,2023-04-13
405-2-000280,우도박물관 공영주차장,공영,노외,,제주특별자치도 제주시 우도면 연평리 1457,13,1,미시행,평일+토요일+공휴일,00:00,23:59,00:00,23:59,00:00,23:59,무료,0,0,0,0,,,,,,제주특별자치도 제주시청,,,,2023-04-13
405-2-000281,함덕오일시장 공영주차장,공영,노외,,제주특별자치도 제주시 조천읍 함덕리 972-7,12,1,미시행,평일+토요일+공휴일,00:00,23:59,00:00,23:59,00:00,23:59,무료,0,0,0,0,,,,,,제주특별자치도 제주시청,,,,2023-04-13
405-2-000282,한림오일시장 공영주차장,공영,노외,,제주특별자치도 제주시 한림읍 대림리 1717-2,144,1,미시행,평일+토요일+공휴일,00:00,23:59,00:00,23:59,00:00,23:59,무료,0,0,0,0,,,,,,제주특별자치도 제주시청,,,,2023-04-13
405-2-000283,한림운동장 서측 공영주차장,공영,노외,,제주특별자치도 제주시 한림읍 한림리 905-35,9,1,미시행,평일+토요일+공휴일,00:00,23:59,00:00,23:59,00:00,23:59,무료,0,0,0,0,,,,,,제주특별자치도 제주시청,,,,2023-04-13
405-2-000284,애월읍 공영주차장,공영,노외,,제주특별자치도 제주시 애월읍 고내리 461-1,13,1,미시행,평일+토요일+공휴일,00:00,23:59,00:00,23:59,00:00,23:59,무료,0,0,0,0,,,,,,제주특별자치도 제주시청,,,,2023-04-13
405-2-000285,하귀1지구 공영주차장,공영,노외,,제주특별자치도 제주시 애월읍 하귀1리 149-5,6,1,미시행,평일+토요일+공휴일,00:00,23:59,00:00,23:59,00:00,23:59,무료,0,0,0,0,,,,,,제주특별자치도 제주시청,,,,2023-04-13
405-2-000286,하귀1지구 공영주차장,공영,노외,,제주특별자치도 제주시 애월읍 하귀1리 149-3,6,1,미시행,평일+토요일+공휴일,00:00,23:59,00:00,23:59,00:00,23:59,무료,0,0,0,0,,,,,,제주특별자치도 제주시청,,,,2023-04-13
405-2-000287,하귀2지구 공영주차장,공영,노외,,제주특별자치도 제주시 애월읍 하귀1리 146-1,18,1,미시행,평일+토요일+공휴일,00:00,23:59,00:00,23:59,00:00,23:59,무료,0,0,0,0,,,,,,제주특별자치도 제주시청,,,,2023-04-13
405-2-000288,하귀3지구 공영주차장,공영,노외,,제주특별자치도 제주시 애월읍 하귀1리 144-1,17,1,미시행,평일+토요일+공휴일,00:00,23:59,00:00,23:59,00:00,23:59,무료,0,0,0,0,,,,,,제주특별자치도 제주시청,,,,2023-04-13
405-2-000289,하귀4지구 공영주차장,공영,노외,,제주특별자치도 제주시 애월읍 하귀1리 123-10,17,1,미시행,평일+토요일+공휴일,00:00,23:59,00:00,23:59,00:00,23:59,무료,0,0,0,0,,,,,,제주특별자치도 제주시청,,,,2023-04-13
405-2-000290,하귀5지구 공영주차장,공영,노외,,제주특별자치도 제주시 애월읍 하귀1리 118-1,15,1,미시행,평일+토요일+공휴일,00:00,23:59,00:00,23:59,00:00,23:59,무료,0,0,0,0,,,,,,제주특별자치도 제주시청,,,,2023-04-13
405-2-000291,하귀6지구 공영주차장,공영,노외,,제주특별자치도 제주시 애월읍 하귀1리 176-3,17,1,미시행,평일+토요일+공휴일,00:00,23:59,00:00,23:59,00:00,23:59,무료,0,0,0,0,,,,,,제주특별자치도 제주시청,,,,2023-04-13
405-2-000292,하귀7지구 공영주차장,공영,노외,,제주특별자치도 제주시 애월읍 하귀1리 195-2,15,1,미시행,평일+토요일+공휴일,00:00,23:59,00:00,23:59,00:00,23:59,무료,0,0,0,0,,,,,,제주특별자치도 제주시청,,,,2023-04-13
405-2-000293,하귀8지구 공영주차장,공영,노외,,제주특별자치도 제주시 애월읍 하귀1리 197-7,12,1,미시행,평일+토요일+공휴일,00:00,23:59,00:00,23:59,00:00,23:59,무료,0,0,0,0,,,,,,제주특별자치도 제주시청,,,,2023-04-13
405-2-000294,하귀9지구 공영주차장,공영,노외,,제주특별자치도 제주시 애월읍 하귀1리 235-4,16,1,미시행,평일+토요일+공휴일,00:00,23:59,00:00,23:59,00:00,23:59,무료,0,0,0,0,,,,,,제주특별자치도 제주시청,,,,2023-04-13
405-2-000295,하귀10지구 공영주차장,공영,노외,,제주특별자치도 제주시 애월읍 하귀1리 238-4,19,1,미시행,평일+토요일+공휴일,00:00,23:59,00:00,23:59,00:00,23:59,무료,0,0,0,0,,,,,,제주특별자치도 제주시청,,,,2023-04-13
405-2-000296,하귀11지구 공영주차장,공영,노외,,제주특별자치도 제주시 애월읍 하귀1리 165-4,29,1,미시행,평일+토요일+공휴일,00:00,23:59,00:00,23:59,00:00,23:59,무료,0,0,0,0,,,,,,제주특별자치도 제주시청,,,,2023-04-13
405-2-000297,하귀12지구 공영주차장,공영,노외,,제주특별자치도 제주시 애월읍 하귀1리 162-1,10,1,미시행,평일+토요일+공휴일,00:00,23:59,00:00,23:59,00:00,23:59,무료,0,0,0,0,,,,,,제주특별자치도 제주시청,,,,2023-04-13
405-2-000298,하귀13지구 공영주차장,공영,노외,,제주특별자치도 제주시 애월읍 하귀1리 160-4,7,1,미시행,평일+토요일+공휴일,00:00,23:59,00:00,23:59,00:00,23:59,무료,0,0,0,0,,,,,,제주특별자치도 제주시청,,,,2023-04-13
405-2-000299,하귀14지구 공영주차장,공영,노외,,제주특별자치도 제주시 애월읍 하귀1리 200-3,17,1,미시행,평일+토요일+공휴일,00:00,23:59,00:00,23:59,00:00,23:59,무료,0,0,0,0,,,,,,제주특별자치도 제주시청,,,,2023-04-13
405-2-000300,하귀15지구 공영주차장,공영,노외,,제주특별자치도 제주시 애월읍 하귀1리 158-2,19,1,미시행,평일+토요일+공휴일,00:00,23:59,00:00,23:59,00:00,23:59,무료,0,0,0,0,,,,,,제주특별자치도 제주시청,,,,2023-04-13
405-2-000301,하귀16지구 공영주차장,공영,노외,,제주특별자치도 제주시 애월읍 하귀1리 156-5,9,1,미시행,평일+토요일+공휴일,00:00,23:59,00:00,23:59,00:00,23:59,무료,0,0,0,0,,,,,,제주특별자치도 제주시청,,,,2023-04-13
405-2-000302,하귀17지구 공영주차장,공영,노외,,제주특별자치도 제주시 애월읍 하귀1리 155-10,9,1,미시행,평일+토요일+공휴일,00:00,23:59,00:00,23:59,00:00,23:59,무료,0,0,0,0,,,,,,제주특별자치도 제주시청,,,,2023-04-13
405-2-000303,새마을금고 뒤 공영주차장,공영,노외,,"제주특별자치도 제주시 한림읍 한림리 1304-10,11,1287-7",31,1,미시행,평일+토요일+공휴일,00:00,23:59,00:00,23:59,00:00,23:59,무료,0,0,0,0,,,,,,제주특별자치도 제주시청,,,,2023-04-13
405-2-000304,한수풀문화센터 공영주차장,공영,노외,,"제주특별자치도 제주시 한림읍 한림리 1389-2, 4, 7, 1446-10",29,1,미시행,평일+토요일+공휴일,00:00,23:59,00:00,23:59,00:00,23:59,무료,0,0,0,0,,,,,,제주특별자치도 제주시청,,,,2023-04-13
405-2-000305,조천비석거리 남동측 공영주차장,공영,노외,,제주특별자치도 제주시 조천읍 조천리 2489,12,1,미시행,평일+토요일+공휴일,00:00,23:59,00:00,23:59,00:00,23:59,무료,0,0,0,0,,,,,,제주특별자치도 제주시청,,,,2023-04-13
405-2-000306,조천비석거리 남동측 공영주차장,공영,노외,,제주특별자치도 제주시 조천읍 조천리 2496,16,1,미시행,평일+토요일+공휴일,00:00,23:59,00:00,23:59,00:00,23:59,무료,0,0,0,0,,,,,,제주특별자치도 제주시청,,,,2023-04-13
405-2-000307,함덕 알뜰주유소 북측 공영주차장,공영,노외,,제주특별자치도 제주시 조천읍 함덕리 272-57,10,1,미시행,평일+토요일+공휴일,00:00,23:59,00:00,23:59,00:00,23:59,무료,0,0,0,0,,,,,,제주특별자치도 제주시청,,,,2023-04-13
405-2-000308,대명리조트 북측 공영주차장,공영,노외,,제주특별자치도 제주시 조천읍 함덕리 272-24,25,1,미시행,평일+토요일+공휴일,00:00,23:59,00:00,23:59,00:00,23:59,무료,0,0,0,0,,,,,,제주특별자치도 제주시청,,,,2023-04-13
405-2-000309,세화2리사무소 앞 공영주차장,공영,노외,,제주특별자치도 제주시 구좌읍 세화리1507-1,89,1,미시행,평일+토요일+공휴일,00:00,23:59,00:00,23:59,00:00,23:59,무료,0,0,0,0,,,,,,제주특별자치도 제주시청,,,,2023-04-13
405-2-000310,용암해수산업단지 공영주차장,공영,노외,,제주특별자치도 제주시 구좌읍 한동리 4849-7,214,1,미시행,평일+토요일+공휴일,00:00,23:59,00:00,23:59,00:00,23:59,무료,0,0,0,0,,,,,,제주특별자치도 제주시청,,,,2023-04-13
405-2-000311,선샤인 호텔 인근 공영주차장,공영,노외,,"제주특별자치도 제주시 조천읍 함덕리 1024-2,3",20,1,미시행,평일+토요일+공휴일,00:00,23:59,00:00,23:59,00:00,23:59,무료,0,0,0,0,,,,,,제주특별자치도 제주시청,,,,2023-04-13
405-2-000312,세화민속오일장 인근 공영주차장,공영,노외,,제주특별자치도 제주시 구좌읍 세화리 1491-2,43,1,미시행,평일+토요일+공휴일,00:00,23:59,00:00,23:59,00:00,23:59,무료,0,0,0,0,,,,,,제주특별자치도 제주시청,,,,2023-04-13
405-2-000313,월정리 해변 주변 공영주차장,공영,노외,,제주특별자치도 제주시 구좌읍 행원리 1537-32,15,1,미시행,평일+토요일+공휴일,00:00,23:59,00:00,23:59,00:00,23:59,무료,0,0,0,0,,,,,,제주특별자치도 제주시청,,,,2023-04-13
405-2-000314,금성사거리 공영주차장,공영,노외,,제주특별자치도 제주시 애월읍 금성리 599-4,14,1,미시행,평일+토요일+공휴일,00:00,23:59,00:00,23:59,00:00,23:59,무료,0,0,0,0,,,,,,제주특별자치도 제주시청,,,,2023-04-13
405-2-000315,판포삼거리 공영주차장,공영,노외,,제주특별자치도 제주시 한경면 판포리 2863,20,1,미시행,평일+토요일+공휴일,00:00,23:59,00:00,23:59,00:00,23:59,무료,0,0,0,0,,,,,,제주특별자치도 제주시청,,,,2023-04-13
405-2-000316,함덕해수욕장 동측 공영주차장,공영,노외,,제주특별자치도 제주시 조천읍 함덕리 216,25,1,미시행,평일+토요일+공휴일,00:00,23:59,00:00,23:59,00:00,23:59,무료,0,0,0,0,,,,,,제주특별자치도 제주시청,,,,2023-04-13
405-2-000317,신흥리 공영주차장,공영,노외,,제주특별자치도 제주시 조천읍 신흥리 530-8,77,1,미시행,평일+토요일+공휴일,00:00,23:59,00:00,23:59,00:00,23:59,무료,0,0,0,0,,,,,,제주특별자치도 제주시청,,,,2023-04-13
405-2-000318,고내리 공영주차장,공영,노외,,제주특별자치도 제주시 애월읍 고내리 834-4,10,1,미시행,평일+토요일+공휴일,00:00,23:59,00:00,23:59,00:00,23:59,무료,0,0,0,0,,,,,,제주특별자치도 제주시청,,,,2023-04-13
405-2-000319,신촌리 공영주차장,공영,노외,,제주특별자치도 제주시 조천읍 신촌리 2415-1,16,1,미시행,평일+토요일+공휴일,00:00,23:59,00:00,23:59,00:00,23:59,무료,0,0,0,0,,,,,,제주특별자치도 제주시청,,,,2023-04-13
405-2-000320,구엄리 공영주차장,공영,노외,,제주특별자치도 제주시 애월읍 구엄리 1136,21,1,미시행,평일+토요일+공휴일,00:00,23:59,00:00,23:59,00:00,23:59,무료,0,0,0,0,,,,,,제주특별자치도 제주시청,,,,2023-04-13
405-2-000321,조천읍 공영주차장,공영,노외,,제주특별자치도 제주시 조천읍 함덕리 272-26,6,1,미시행,평일+토요일+공휴일,00:00,23:59,00:00,23:59,00:00,23:59,무료,0,0,0,0,,,,,,제주특별자치도 제주시청,,,,2023-04-13
405-2-000322,조천읍 공영주차장,공영,노외,,제주특별자치도 제주시 조천읍 함덕리 272-14,7,1,미시행,평일+토요일+공휴일,00:00,23:59,00:00,23:59,00:00,23:59,무료,0,0,0,0,,,,,,제주특별자치도 제주시청,,,,2023-04-13
